<?xml version="1.0" encoding="UTF-8"?> 
<java version="1.6.0_33" class="java.beans.XMLDecoder"> 
 <object class="java.util.HashMap"> 
  <void method="put"> 
   <string>passwordType</string> 
   <string></string> 
  </void> 
  <void method="put"> 
   <string>docCreator</string> 
   <object class="java.util.HashMap"> 
    <void method="put"> 
     <string>fdId</string> 
     <string>1183b0b84ee4f581bba001c47a78b2d9</string> 
    </void> 
    <void method="put"> 
     <string>class</string> 
     <string>com.landray.kmss.sys.organization.model.SysOrgElement</string> 
    </void> 
   </object> 
  </void> 
  <void method="put"> 
   <string>soapHeaderCustom</string> 
   <string></string> 
  </void> 
  <void method="put"> 
   <string>docPoolAdmin</string> 
   <string>管理员</string> 
  </void> 
  <void method="put"> 
   <string>fdUserName</string> 
   <string></string> 
  </void> 
  <void method="put"> 
   <string>settCategory</string> 
   <object class="java.util.HashMap"> 
    <void method="put"> 
     <string>fdId</string> 
     <string>13f9d5b3ffcc7b3b5a5fa4f42458d4fe</string> 
    </void> 
    <void method="put"> 
     <string>class</string> 
     <string>com.landray.kmss.tib.sys.soap.connector.model.TibSysSoapSettCategory</string> 
    </void> 
   </object> 
  </void> 
  <void method="put"> 
   <string>serviceName</string> 
   <string></string> 
  </void> 
  <void method="put"> 
   <string>fdMarks</string> 
   <string></string> 
  </void> 
  <void method="put"> 
   <string>docAlterTime</string> 
   <object class="java.util.Date"> 
    <long>1372734690000</long> 
   </object> 
  </void> 
  <void method="put"> 
   <string>docCreateTime</string> 
   <object class="java.util.Date"> 
    <long>1366254799000</long> 
   </object> 
  </void> 
  <void method="put"> 
   <string>docSubject</string> 
   <string>EAS服务</string> 
  </void> 
  <void method="put"> 
   <string>extendInfoXml</string> 
   <string>&lt;?xml version=&quot;1.0&quot; encoding=&quot;UTF-8&quot;?&gt; 
&lt;java version=&quot;1.6.0_33&quot; class=&quot;java.beans.XMLDecoder&quot;&gt; 
 &lt;object class=&quot;java.util.HashMap&quot;&gt; 
  &lt;void method=&quot;put&quot;&gt; 
   &lt;string&gt;authPattern&lt;/string&gt; 
   &lt;string&gt;BaseDB&lt;/string&gt; 
  &lt;/void&gt; 
  &lt;void method=&quot;put&quot;&gt; 
   &lt;string&gt;dcName&lt;/string&gt; 
   &lt;string&gt;003&lt;/string&gt; 
  &lt;/void&gt; 
  &lt;void method=&quot;put&quot;&gt; 
   &lt;string&gt;userName&lt;/string&gt; 
   &lt;string&gt;华鑫&lt;/string&gt; 
  &lt;/void&gt; 
  &lt;void method=&quot;put&quot;&gt; 
   &lt;string&gt;language&lt;/string&gt; 
   &lt;string&gt;L2&lt;/string&gt; 
  &lt;/void&gt; 
  &lt;void method=&quot;put&quot;&gt; 
   &lt;string&gt;dbType&lt;/string&gt; 
   &lt;string&gt;1&lt;/string&gt; 
  &lt;/void&gt; 
  &lt;void method=&quot;put&quot;&gt; 
   &lt;string&gt;password&lt;/string&gt; 
   &lt;string&gt;1&lt;/string&gt; 
  &lt;/void&gt; 
  &lt;void method=&quot;put&quot;&gt; 
   &lt;string&gt;slnName&lt;/string&gt; 
   &lt;string&gt;eas&lt;/string&gt; 
  &lt;/void&gt; 
 &lt;/object&gt; 
&lt;/java&gt; 
</string> 
  </void> 
  <void method="put"> 
   <string>fdWsdlUrl</string> 
   <string>http://192.168.2.81:6888/ormrpc/services/WSGLWebServiceFacade?wsdl</string> 
  </void> 
  <void method="put"> 
   <string>class</string> 
   <string>com.landray.kmss.tib.sys.soap.connector.model.TibSysSoapSetting</string> 
  </void> 
  <void method="put"> 
   <string>fdPassword</string> 
   <string></string> 
  </void> 
  <void method="put"> 
   <string>fdProtectWsdl</string> 
   <boolean>false</boolean> 
  </void> 
  <void method="put"> 
   <string>bindName</string> 
   <string></string> 
  </void> 
  <void method="put"> 
   <string>fdloadPwd</string> 
   <string></string> 
  </void> 
  <void method="put"> 
   <string>fdEnable</string> 
   <boolean>true</boolean> 
  </void> 
  <void method="put"> 
   <string>fdloadUser</string> 
   <string></string> 
  </void> 
  <void method="put"> 
   <string>fdResponseTime</string> 
   <string>3000</string> 
  </void> 
  <void method="put"> 
   <string>fdId</string> 
   <string>13e1b21cb338575f12fbc12463c989e3</string> 
  </void> 
  <void method="put"> 
   <string>fdSoapVerson</string> 
   <string>SOAP 1.1</string> 
  </void> 
  <void method="put"> 
   <string>fdAuthMethod</string> 
   <string>easLogin</string> 
  </void> 
  <void method="put"> 
   <string>fdCheck</string> 
   <boolean>true</boolean> 
  </void> 
  <void method="put"> 
   <string>fdOverTime</string> 
   <string>3000</string> 
  </void> 
 </object> 
</java> 
