<?xml version="1.0" encoding="UTF-8"?> 
<java version="1.6.0_33" class="java.beans.XMLDecoder"> 
 <object class="java.util.HashMap"> 
  <void method="put"> 
   <string>wsMarks</string> 
   <string></string> 
  </void> 
  <void method="put"> 
   <string>docSubject</string> 
   <string>取会计科目</string> 
  </void> 
  <void method="put"> 
   <string>docCreateTime</string> 
   <object class="java.util.Date"> 
    <long>1366254904000</long> 
   </object> 
  </void> 
  <void method="put"> 
   <string>wsBindFunc</string> 
   <string>getAccount</string> 
  </void> 
  <void method="put"> 
   <string>wsMapperTemplate</string> 
   <string>&lt;?xml version=&quot;1.0&quot;?&gt;&#13;
&lt;web ID=&quot;13e1b2260eb0185507b31ad474fa499f&quot;&gt;&lt;Input&gt;&lt;soapenv:Envelope xmlns:xsi=&quot;http://www.w3.org/2001/XMLSchema-instance&quot; xmlns:xsd=&quot;http://www.w3.org/2001/XMLSchema&quot; xmlns:soapenv=&quot;http://schemas.xmlsoap.org/soap/envelope/&quot; xmlns:web=&quot;http://webservice.app.gl.fi.eas.kingdee.com&quot;&gt;&#13;
			&lt;!--{&quot;title&quot;:&quot;&quot;}--&gt;&lt;soapenv:Header/&gt;&#13;
			&lt;soapenv:Body&gt;&#13;
				&lt;web:getAccount soapenv:encodingStyle=&quot;http://schemas.xmlsoap.org/soap/encoding/&quot;&gt;&#13;
					&lt;!--Optional:Optional:|erp_web={&quot;ctype&quot;:&quot;string&quot;,&quot;title&quot;:&quot;组织机构编码01&quot;}--&gt;&#13;
					&lt;orgNumber xsi:type=&quot;xsd:string&quot;/&gt;&#13;
					&lt;!--Optional:Optional:|erp_web={&quot;ctype&quot;:&quot;int&quot;,&quot;title&quot;:&quot;从1开始&quot;}--&gt;&#13;
					&lt;fromRow xsi:type=&quot;xsd:int&quot;/&gt;&#13;
					&lt;!--Optional:Optional:|erp_web={&quot;ctype&quot;:&quot;int&quot;,&quot;title&quot;:&quot;到哪行结束&quot;}--&gt;&#13;
					&lt;toRow xsi:type=&quot;xsd:int&quot;/&gt;&#13;
				&lt;/web:getAccount&gt;&#13;
			&lt;/soapenv:Body&gt;&#13;
		&lt;/soapenv:Envelope&gt;&lt;/Input&gt;&lt;Output&gt;&lt;soapenv:Envelope xmlns:xsi=&quot;http://www.w3.org/2001/XMLSchema-instance&quot; xmlns:xsd=&quot;http://www.w3.org/2001/XMLSchema&quot; xmlns:soapenv=&quot;http://schemas.xmlsoap.org/soap/envelope/&quot; xmlns:wsg=&quot;http://192.168.2.81:6888/ormrpc/services/WSGLWebServiceFacade&quot; xmlns:soapenc=&quot;http://schemas.xmlsoap.org/soap/encoding/&quot;&gt;&#13;
			&lt;!--{&quot;title&quot;:&quot;&quot;,&quot;isSuccess&quot;:&quot;&quot;,&quot;isFail&quot;:&quot;&quot;}--&gt;&lt;soapenv:Header/&gt;&#13;
			&lt;soapenv:Body&gt;&#13;
				&lt;wsg:getAccountResponse soapenv:encodingStyle=&quot;http://schemas.xmlsoap.org/soap/encoding/&quot;&gt;&#13;
					&lt;!--Optional:|erp_web={&quot;minOccurs&quot;:&quot;0&quot;,&quot;maxOccurs&quot;:&quot;1&quot;,&quot;title&quot;:&quot;String[][]类型的数据&quot;,&quot;isSuccess&quot;:&quot;&quot;,&quot;isFail&quot;:&quot;&quot;}--&gt;&#13;
					&lt;getAccountReturn xsi:type=&quot;wsg:ArrayOfArrayOf_xsd_string&quot; soapenc:arrayType=&quot;xsd:string[][]&quot;/&gt;&#13;
				&lt;/wsg:getAccountResponse&gt;&#13;
			&lt;/soapenv:Body&gt;&#13;
		&lt;/soapenv:Envelope&gt;&lt;/Output&gt;&lt;Fault&gt;&lt;!--Optional:|erp_web={&quot;minOccurs&quot;:&quot;1&quot;, &quot;maxOccurs&quot;:&quot;1&quot;}--&gt;&#13;
		&lt;soapenv:Envelope xmlns:soapenv=&quot;http://schemas.xmlsoap.org/soap/envelope/&quot;&gt;&#13;
			&lt;!--Optional:|erp_web={&quot;minOccurs&quot;:&quot;0&quot;,&quot;maxOccurs&quot;:&quot;1&quot;,&quot;title&quot;:&quot;&quot;}--&gt;&#13;
			&lt;soapenv:Header&gt;&#13;
				&lt;!--You may enter ANY elements at this point--&gt;&#13;
			&lt;/soapenv:Header&gt;&#13;
			&lt;!--Optional:|erp_web={&quot;minOccurs&quot;:&quot;1&quot;, &quot;maxOccurs&quot;:&quot;1&quot;}--&gt;&#13;
			&lt;soapenv:Body&gt;&#13;
				&lt;!--You may enter ANY elements at this point--&gt;&#13;
				&lt;soapenv:Fault&gt;&#13;
					&lt;!--Optional:|erp_web={&quot;minOccurs&quot;:&quot;1&quot;,&quot;maxOccurs&quot;:&quot;1&quot;,&quot;ctype&quot;:&quot;QName&quot;,&quot;title&quot;:&quot;&quot;}--&gt;&#13;
					&lt;faultcode/&gt;&#13;
					&lt;!--Optional:|erp_web={&quot;minOccurs&quot;:&quot;1&quot;,&quot;maxOccurs&quot;:&quot;1&quot;,&quot;title&quot;:&quot;&quot;}--&gt;&#13;
					&lt;faultstring xml:lang=&quot;&quot;/&gt;&#13;
					&lt;!--Optional:|erp_web={&quot;minOccurs&quot;:&quot;0&quot;,&quot;maxOccurs&quot;:&quot;1&quot;,&quot;ctype&quot;:&quot;anyURI&quot;,&quot;title&quot;:&quot;&quot;}--&gt;&#13;
					&lt;faultactor/&gt;&#13;
					&lt;!--Optional:|erp_web={&quot;minOccurs&quot;:&quot;0&quot;,&quot;maxOccurs&quot;:&quot;1&quot;,&quot;title&quot;:&quot;&quot;}--&gt;&#13;
					&lt;detail&gt;&#13;
						&lt;!--You may enter ANY elements at this point--&gt;&#13;
					&lt;/detail&gt;&#13;
				&lt;/soapenv:Fault&gt;&#13;
			&lt;/soapenv:Body&gt;&#13;
		&lt;/soapenv:Envelope&gt;&lt;/Fault&gt;&lt;/web&gt;&#13;
</string> 
  </void> 
  <void method="put"> 
   <string>wsSoapVersion</string> 
   <string>SOAP 1.1</string> 
  </void> 
  <void method="put"> 
   <string>docMainVersion</string> 
   <long>1</long> 
  </void> 
  <void method="put"> 
   <string>docStatus</string> 
   <string>30</string> 
  </void> 
  <void method="put"> 
   <string>docCreator</string> 
   <object class="java.util.HashMap"> 
    <void method="put"> 
     <string>fdId</string> 
     <string>1183b0b84ee4f581bba001c47a78b2d9</string> 
    </void> 
    <void method="put"> 
     <string>class</string> 
     <string>com.landray.kmss.sys.organization.model.SysOrgPerson</string> 
    </void> 
   </object> 
  </void> 
  <void method="put"> 
   <string>docAuxiVersion</string> 
   <long>0</long> 
  </void> 
  <void method="put"> 
   <string>class</string> 
   <string>com.landray.kmss.tib.sys.soap.connector.model.TibSysSoapMain</string> 
  </void> 
  <void method="put"> 
   <string>fdType</string> 
   <string>3</string> 
  </void> 
  <void method="put"> 
   <string>wsEnable</string> 
   <boolean>true</boolean> 
  </void> 
  <void method="put"> 
   <string>tibSysSoapSetting</string> 
   <object class="java.util.HashMap"> 
    <void method="put"> 
     <string>fdId</string> 
     <string>13e1b21cb338575f12fbc12463c989e3</string> 
    </void> 
    <void method="put"> 
     <string>class</string> 
     <string>com.landray.kmss.tib.sys.soap.connector.model.TibSysSoapSetting</string> 
    </void> 
   </object> 
  </void> 
  <void method="put"> 
   <string>docCategory</string> 
   <object class="java.util.HashMap"> 
    <void method="put"> 
     <string>fdId</string> 
     <string>13f9d5b5ece7809f8838a5b435391a20</string> 
    </void> 
    <void method="put"> 
     <string>class</string> 
     <string>com.landray.kmss.tib.sys.soap.connector.model.TibSysSoapCategory</string> 
    </void> 
   </object> 
  </void> 
  <void method="put"> 
   <string>docIsLocked</string> 
   <boolean>false</boolean> 
  </void> 
  <void method="put"> 
   <string>docIsNewVersion</string> 
   <boolean>true</boolean> 
  </void> 
  <void method="put"> 
   <string>fdId</string> 
   <string>13e1b2260eb0185507b31ad474fa499f</string> 
  </void> 
  <void method="put"> 
   <string>wsBindFuncInfo</string> 
   <string></string> 
  </void> 
  <void method="put"> 
   <string>docAlterTime</string> 
   <object class="java.util.Date"> 
    <long>1372744126000</long> 
   </object> 
  </void> 
 </object> 
</java> 
