<?xml version="1.0" encoding="UTF-8"?> 
<java version="1.6.0_33" class="java.beans.XMLDecoder"> 
 <object class="java.util.HashMap"> 
  <void method="put"> 
   <string>fdHierarchyId</string> 
   <string>x13f9d5b3ffcc7b3b5a5fa4f42458d4fex</string> 
  </void> 
  <void method="put"> 
   <string>fdId</string> 
   <string>13f9d5b3ffcc7b3b5a5fa4f42458d4fe</string> 
  </void> 
  <void method="put"> 
   <string>class</string> 
   <string>com.landray.kmss.tib.sys.soap.connector.model.TibSysSoapSettCategory</string> 
  </void> 
  <void method="put"> 
   <string>fdName</string> 
   <string>EAS</string> 
  </void> 
 </object> 
</java> 
