<?xml version="1.0" encoding="UTF-8"?> 
<java version="1.6.0_11" class="java.beans.XMLDecoder"> 
 <object class="java.util.HashMap"> 
  <void method="put"> 
   <string>fdLinkerType</string> 
   <string>0</string> 
  </void> 
  <void method="put"> 
   <string>sysAttFile_extension</string> 
   <object class="java.util.ArrayList"/> 
  </void> 
  <void method="put"> 
   <string>docCreator</string> 
   <object class="java.util.HashMap"> 
    <void method="put"> 
     <string>fdOrgType</string> 
     <int>8</int> 
    </void> 
    <void method="put"> 
     <string>fdLoginName</string> 
     <string>adm</string> 
    </void> 
    <void method="put"> 
     <string>fdId</string> 
     <string>1183b0b84ee4f581bba001c47a78b2d9</string> 
    </void> 
    <void method="put"> 
     <string>class</string> 
     <string>com.landray.kmss.sys.organization.model.SysOrgPerson</string> 
    </void> 
    <void method="put"> 
     <string>hbmParent.fdName</string> 
     <string>信息化推进组</string> 
    </void> 
   </object> 
  </void> 
  <void method="put"> 
   <string>sysAttRtfData_extension</string> 
   <object class="java.util.ArrayList"/> 
  </void> 
  <void method="put"> 
   <string>fdUrlPrefix</string> 
   <string>km/collaborate</string> 
  </void> 
  <void method="put"> 
   <string>docAlteror</string> 
   <object class="java.util.HashMap"> 
    <void method="put"> 
     <string>fdOrgType</string> 
     <int>8</int> 
    </void> 
    <void method="put"> 
     <string>fdLoginName</string> 
     <string>adm</string> 
    </void> 
    <void method="put"> 
     <string>fdId</string> 
     <string>1183b0b84ee4f581bba001c47a78b2d9</string> 
    </void> 
    <void method="put"> 
     <string>class</string> 
     <string>com.landray.kmss.sys.organization.model.SysOrgPerson</string> 
    </void> 
    <void method="put"> 
     <string>hbmParent.fdName</string> 
     <string>信息化推进组</string> 
    </void> 
   </object> 
  </void> 
  <void method="put"> 
   <string>fdUrlDownLoad</string> 
   <string></string> 
  </void> 
  <void method="put"> 
   <string>sysAttMain_extension</string> 
   <object class="java.util.ArrayList"/> 
  </void> 
  <void method="put"> 
   <string>docAlterTime</string> 
   <object class="java.util.Date"> 
    <long>1426164117890</long> 
   </object> 
  </void> 
  <void method="put"> 
   <string>fdCountUrl</string> 
   <string></string> 
  </void> 
  <void method="put"> 
   <string>fdCreateTime</string> 
   <object class="java.util.Date"> 
    <long>1346658747833</long> 
   </object> 
  </void> 
  <void method="put"> 
   <string>fdStatus</string> 
   <string>0</string> 
  </void> 
  <void method="put"> 
   <string>class</string> 
   <string>com.landray.kmss.third.pda.model.PdaModuleConfigMain</string> 
  </void> 
  <void method="put"> 
   <string>fdUrlScheme</string> 
   <string></string> 
  </void> 
  <void method="put"> 
   <string>fdOrder</string> 
   <int>12</int> 
  </void> 
  <void method="put"> 
   <string>fdSubMenuType</string> 
   <string>doc</string> 
  </void> 
  <void method="put"> 
   <string>fdName</string> 
   <string>工作沟通</string> 
  </void> 
  <void method="put"> 
   <string>fdViewItems</string> 
   <object class="java.util.ArrayList"> 
    <void method="add"> 
     <object class="java.util.HashMap"> 
      <void method="put"> 
       <string>fdKeyword</string> 
       <string>km/collaborate</string> 
      </void> 
      <void method="put"> 
       <string>fdItems</string> 
       <object class="java.util.ArrayList"> 
        <void method="add"> 
         <object class="java.util.HashMap"> 
          <void method="put"> 
           <string>fdCfgView</string> 
           <object class="java.util.HashMap"> 
            <void method="put"> 
             <string>fdId</string> 
             <string>144522fdbbe7841a02f206d4853a835a</string> 
            </void> 
            <void method="put"> 
             <string>class</string> 
             <string>com.landray.kmss.third.pda.model.PdaModuleConfigView</string> 
            </void> 
           </object> 
          </void> 
          <void method="put"> 
           <string>fdId</string> 
           <string>144522fdbbeecce07a733e0460187691</string> 
          </void> 
          <void method="put"> 
           <string>fdExtendUrl</string> 
           <string></string> 
          </void> 
          <void method="put"> 
           <string>class</string> 
           <string>com.landray.kmss.third.pda.model.PdaModuleLabelView</string> 
          </void> 
          <void method="put"> 
           <string>fdOrder</string> 
           <int>0</int> 
          </void> 
          <void method="put"> 
           <string>fdName</string> 
           <string>工作沟通</string> 
          </void> 
          <void method="put"> 
           <string>fdCfgInfo</string> 
           <string>{&quot;propertyList&quot;:[{&quot;propertyName&quot;:&quot;docSubject&quot;,&quot;propertyType&quot;:&quot;String&quot;,&quot;propertyText&quot;:&quot;标题&quot;,&quot;messageKey&quot;:&quot;km-collaborate:kmCollaborateMain.docSubject&quot;},{&quot;propertyName&quot;:&quot;fdIsPriority&quot;,&quot;propertyType&quot;:&quot;Boolean&quot;,&quot;propertyText&quot;:&quot;高优先级&quot;,&quot;messageKey&quot;:&quot;km-collaborate:kmCollaborateMain.highPriority&quot;,&quot;enumType&quot;:&quot;common_yesno_number&quot;},{&quot;propertyName&quot;:&quot;fdCategory&quot;,&quot;propertyType&quot;:&quot;com.landray.kmss.km.collaborate.model.KmCollaborateCategory&quot;,&quot;propertyText&quot;:&quot;类型&quot;,&quot;messageKey&quot;:&quot;km-collaborate:kmCollaborateMain.fdCategory&quot;},{&quot;propertyName&quot;:&quot;participant&quot;,&quot;propertyType&quot;:&quot;com.landray.kmss.sys.organization.model.SysOrgElement&quot;,&quot;propertyText&quot;:&quot;参与者&quot;,&quot;messageKey&quot;:&quot;km-collaborate:kmCollaborateMain.participant&quot;},{&quot;propertyName&quot;:&quot;fdContent&quot;,&quot;propertyType&quot;:&quot;RTF&quot;,&quot;propertyText&quot;:&quot;内容&quot;,&quot;messageKey&quot;:&quot;km-collaborate:kmCollaborateMain.fdContent&quot;},{&quot;propertyName&quot;:&quot;attachment&quot;,&quot;propertyType&quot;:&quot;attachment&quot;,&quot;propertyText&quot;:&quot;文档附件&quot;,&quot;messageKey&quot;:&quot;km-collaborate:kmCollaborateMain.related.attachment&quot;},{&quot;propertyName&quot;:&quot;docCreator&quot;,&quot;propertyType&quot;:&quot;com.landray.kmss.sys.organization.model.SysOrgElement&quot;,&quot;propertyText&quot;:&quot;创建者&quot;,&quot;messageKey&quot;:&quot;km-collaborate:kmCollaborateMain.docCreator&quot;},{&quot;propertyName&quot;:&quot;docCreateTime&quot;,&quot;propertyType&quot;:&quot;DateTime&quot;,&quot;propertyText&quot;:&quot;创建时间&quot;,&quot;messageKey&quot;:&quot;km-collaborate:kmCollaborateMain.docCreateTime&quot;}]}</string> 
          </void> 
         </object> 
        </void> 
       </object> 
      </void> 
      <void method="put"> 
       <string>fdModule</string> 
       <object class="java.util.HashMap"> 
        <void method="put"> 
         <string>fdId</string> 
         <string>1398b1976b5212f56862c584fcba30d3</string> 
        </void> 
        <void method="put"> 
         <string>class</string> 
         <string>com.landray.kmss.third.pda.model.PdaModuleConfigMain</string> 
        </void> 
       </object> 
      </void> 
      <void method="put"> 
       <string>fdModelName</string> 
       <string>com.landray.kmss.km.collaborate.model.KmCollaborateMain</string> 
      </void> 
      <void method="put"> 
       <string>fdId</string> 
       <string>144522fdbbe7841a02f206d4853a835a</string> 
      </void> 
      <void method="put"> 
       <string>class</string> 
       <string>com.landray.kmss.third.pda.model.PdaModuleConfigView</string> 
      </void> 
      <void method="put"> 
       <string>fdReadingModel</string> 
       <string>0</string> 
      </void> 
      <void method="put"> 
       <string>fdOrder</string> 
       <int>0</int> 
      </void> 
      <void method="put"> 
       <string>fdName</string> 
       <string>工作沟通改进版</string> 
      </void> 
      <void method="put"> 
       <string>fdNewsModelCfgInfo</string> 
       <string></string> 
      </void> 
     </object> 
    </void> 
   </object> 
  </void> 
  <void method="put"> 
   <string>fdIconUrl</string> 
   <string>/third/pda/resource/images/icon/module_m10.png</string> 
  </void> 
  <void method="put"> 
   <string>fdSubDocLink</string> 
   <string>/km/collaborate/pda/index.jsp</string> 
  </void> 
  <void method="put"> 
   <string>fdAppType</string> 
   <string>0</string> 
  </void> 
  <void method="put"> 
   <string>fdId</string> 
   <string>1398b1976b5212f56862c584fcba30d3</string> 
  </void> 
  <void method="put"> 
   <string>authChangeReaderFlag</string> 
   <boolean>false</boolean> 
  </void> 
  <void method="put"> 
   <string>authAllReaders</string> 
   <object class="java.util.ArrayList"> 
    <void method="add"> 
     <object class="java.util.HashMap"> 
      <void method="put"> 
       <string>fdOrgType</string> 
       <int>8</int> 
      </void> 
      <void method="put"> 
       <string>fdLoginName</string> 
       <string>everyone</string> 
      </void> 
      <void method="put"> 
       <string>fdId</string> 
       <string>1183b0b84ee4f581bba001c47a78b39d</string> 
      </void> 
      <void method="put"> 
       <string>class</string> 
       <string>com.landray.kmss.sys.organization.model.SysOrgPerson</string> 
      </void> 
      <void method="put"> 
       <string>hbmParent.fdName</string> 
       <string></string> 
      </void> 
     </object> 
    </void> 
   </object> 
  </void> 
  <void method="put"> 
   <string>fdDescription</string> 
   <string>沟通及时展现，快速应对</string> 
  </void> 
 </object> 
</java> 
