<?xml version="1.0" encoding="UTF-8"?> 
<java version="1.6.0_33" class="java.beans.XMLDecoder"> 
 <object class="java.util.HashMap"> 
  <void method="put"> 
   <string>passwordType</string> 
   <string></string> 
  </void> 
  <void method="put"> 
   <string>docCreator</string> 
   <object class="java.util.HashMap"> 
    <void method="put"> 
     <string>fdId</string> 
     <string>1183b0b84ee4f581bba001c47a78b2d9</string> 
    </void> 
    <void method="put"> 
     <string>class</string> 
     <string>com.landray.kmss.sys.organization.model.SysOrgElement</string> 
    </void> 
   </object> 
  </void> 
  <void method="put"> 
   <string>soapHeaderCustom</string> 
   <string></string> 
  </void> 
  <void method="put"> 
   <string>docPoolAdmin</string> 
   <string>管理员</string> 
  </void> 
  <void method="put"> 
   <string>fdUserName</string> 
   <string></string> 
  </void> 
  <void method="put"> 
   <string>settCategory</string> 
   <object class="java.util.HashMap"> 
    <void method="put"> 
     <string>fdId</string> 
     <string>13f84ccc829db651edf833343e584305</string> 
    </void> 
    <void method="put"> 
     <string>class</string> 
     <string>com.landray.kmss.tib.sys.soap.connector.model.TibSysSoapSettCategory</string> 
    </void> 
   </object> 
  </void> 
  <void method="put"> 
   <string>serviceName</string> 
   <string></string> 
  </void> 
  <void method="put"> 
   <string>fdMarks</string> 
   <string></string> 
  </void> 
  <void method="put"> 
   <string>docAlterTime</string> 
   <object class="java.util.Date"> 
    <long>1374124245000</long> 
   </object> 
  </void> 
  <void method="put"> 
   <string>docCreateTime</string> 
   <object class="java.util.Date"> 
    <long>1372406008000</long> 
   </object> 
  </void> 
  <void method="put"> 
   <string>docSubject</string> 
   <string>客户</string> 
  </void> 
  <void method="put"> 
   <string>extendInfoXml</string> 
   <string>&lt;?xml version=&quot;1.0&quot; encoding=&quot;UTF-8&quot;?&gt;
&lt;java version=&quot;1.7.0_21&quot; class=&quot;java.beans.XMLDecoder&quot;&gt;
 &lt;object class=&quot;java.util.HashMap&quot;&gt;
  &lt;void method=&quot;put&quot;&gt;
   &lt;string&gt;k3UserName&lt;/string&gt;
   &lt;string&gt;Administrator&lt;/string&gt;
  &lt;/void&gt;
  &lt;void method=&quot;put&quot;&gt;
   &lt;string&gt;k3Password&lt;/string&gt;
   &lt;string&gt;111111&lt;/string&gt;
  &lt;/void&gt;
  &lt;void method=&quot;put&quot;&gt;
   &lt;string&gt;k3IAisID&lt;/string&gt;
   &lt;string&gt;1&lt;/string&gt;
  &lt;/void&gt;
 &lt;/object&gt;
&lt;/java&gt;
</string> 
  </void> 
  <void method="put"> 
   <string>fdWsdlUrl</string> 
   <string>http://119.6.89.92:9999/KDWEBSERVICE/Customer.asmx?WSDL</string> 
  </void> 
  <void method="put"> 
   <string>class</string> 
   <string>com.landray.kmss.tib.sys.soap.connector.model.TibSysSoapSetting</string> 
  </void> 
  <void method="put"> 
   <string>fdPassword</string> 
   <string></string> 
  </void> 
  <void method="put"> 
   <string>fdProtectWsdl</string> 
   <boolean>false</boolean> 
  </void> 
  <void method="put"> 
   <string>bindName</string> 
   <string></string> 
  </void> 
  <void method="put"> 
   <string>fdloadPwd</string> 
   <string></string> 
  </void> 
  <void method="put"> 
   <string>fdEnable</string> 
   <boolean>true</boolean> 
  </void> 
  <void method="put"> 
   <string>fdloadUser</string> 
   <string></string> 
  </void> 
  <void method="put"> 
   <string>fdResponseTime</string> 
   <string>3000</string> 
  </void> 
  <void method="put"> 
   <string>fdId</string> 
   <string>13f89c5cc5859ae0bb82199449498f1a</string> 
  </void> 
  <void method="put"> 
   <string>fdSoapVerson</string> 
   <string>SOAP 1.2;SOAP 1.1</string> 
  </void> 
  <void method="put"> 
   <string>fdAuthMethod</string> 
   <string>k3Type</string> 
  </void> 
  <void method="put"> 
   <string>fdCheck</string> 
   <boolean>true</boolean> 
  </void> 
  <void method="put"> 
   <string>fdOverTime</string> 
   <string>3000</string> 
  </void> 
 </object> 
</java> 
