<?xml version="1.0" encoding="UTF-8"?> 
<java version="1.6.0_33" class="java.beans.XMLDecoder"> 
 <object class="java.util.HashMap"> 
  <void method="put"> 
   <string>fdHierarchyId</string> 
   <string>x13f84cef9af3d82146319cc44d0b7bcex</string> 
  </void> 
  <void method="put"> 
   <string>fdId</string> 
   <string>13f84cef9af3d82146319cc44d0b7bce</string> 
  </void> 
  <void method="put"> 
   <string>class</string> 
   <string>com.landray.kmss.tib.sys.soap.connector.model.TibSysSoapCategory</string> 
  </void> 
  <void method="put"> 
   <string>fdName</string> 
   <string>K3</string> 
  </void> 
 </object> 
</java> 
