<?xml version="1.0" encoding="UTF-8"?> 
<java version="1.6.0_33" class="java.beans.XMLDecoder"> 
 <object class="java.util.HashMap"> 
  <void method="put"> 
   <string>wsMarks</string> 
   <string></string> 
  </void> 
  <void method="put"> 
   <string>docSubject</string> 
   <string>查询库存(with)</string> 
  </void> 
  <void method="put"> 
   <string>docCreateTime</string> 
   <object class="java.util.Date"> 
    <long>1372665372000</long> 
   </object> 
  </void> 
  <void method="put"> 
   <string>wsBindFunc</string> 
   <string>QueryWithBatch</string> 
  </void> 
  <void method="put"> 
   <string>wsMapperTemplate</string> 
   <string>&lt;?xml version=&quot;1.0&quot;?&gt;&#13;
&lt;web ID=&quot;13f9939978489785599cafc48628bfc1&quot;&gt;&lt;Input&gt;&lt;soap:Envelope xmlns:soap=&quot;http://www.w3.org/2003/05/soap-envelope&quot; xmlns:ind=&quot;http://www.kingdee.com/InduStockData&quot;&gt;&#13;
			&lt;!--{&quot;title&quot;:&quot;&quot;}--&gt;&lt;soap:Header/&gt;&#13;
			&lt;soap:Body&gt;&#13;
				&lt;ind:QueryWithBatch&gt;&#13;
					&lt;!--Optional:|erp_web={&quot;minOccurs&quot;:&quot;1&quot;,&quot;maxOccurs&quot;:&quot;1&quot;,&quot;ctype&quot;:&quot;int&quot;,&quot;title&quot;:&quot;账套ID&quot;}--&gt;&#13;
					&lt;ind:iAisID/&gt;&#13;
					&lt;!--Optional:|erp_web={&quot;minOccurs&quot;:&quot;0&quot;,&quot;maxOccurs&quot;:&quot;1&quot;,&quot;ctype&quot;:&quot;string&quot;,&quot;title&quot;:&quot;用户名&quot;}--&gt;&#13;
					&lt;ind:strUser/&gt;&#13;
					&lt;!--Optional:|erp_web={&quot;minOccurs&quot;:&quot;0&quot;,&quot;maxOccurs&quot;:&quot;1&quot;,&quot;ctype&quot;:&quot;string&quot;,&quot;title&quot;:&quot;密码&quot;}--&gt;&#13;
					&lt;ind:strPassword/&gt;&#13;
					&lt;!--Optional:|erp_web={&quot;minOccurs&quot;:&quot;0&quot;,&quot;maxOccurs&quot;:&quot;1&quot;,&quot;ctype&quot;:&quot;string&quot;,&quot;title&quot;:&quot;库存编号（长代码）&quot;}--&gt;&#13;
					&lt;ind:strItemNumber/&gt;&#13;
				&lt;/ind:QueryWithBatch&gt;&#13;
			&lt;/soap:Body&gt;&#13;
		&lt;/soap:Envelope&gt;&lt;/Input&gt;&lt;Output&gt;&lt;soap:Envelope xmlns:soap=&quot;http://www.w3.org/2003/05/soap-envelope&quot; xmlns:ind=&quot;http://www.kingdee.com/InduStockData&quot;&gt;&#13;
			&lt;!--{&quot;title&quot;:&quot;&quot;,&quot;isSuccess&quot;:&quot;&quot;,&quot;isFail&quot;:&quot;&quot;}--&gt;&lt;soap:Header/&gt;&#13;
			&lt;soap:Body&gt;&#13;
				&lt;ind:QueryWithBatchResponse&gt;&#13;
					&lt;!--Optional:|erp_web={&quot;minOccurs&quot;:&quot;0&quot;, &quot;maxOccurs&quot;:&quot;1&quot;}--&gt;&#13;
					&lt;ind:QueryWithBatchResult&gt;&#13;
						&lt;!--Zero or more repetitions:|erp_web={&quot;minOccurs&quot;:&quot;0&quot;, &quot;maxOccurs&quot;:&quot;2147483647&quot;}--&gt;&#13;
						&lt;ind:StockDataWithBatch&gt;&#13;
							&lt;!--Optional:|erp_web={&quot;minOccurs&quot;:&quot;0&quot;,&quot;maxOccurs&quot;:&quot;1&quot;,&quot;ctype&quot;:&quot;string&quot;,&quot;title&quot;:&quot;&quot;,&quot;isSuccess&quot;:&quot;&quot;,&quot;isFail&quot;:&quot;&quot;}--&gt;&#13;
							&lt;ind:UUID/&gt;&#13;
							&lt;!--Optional:|erp_web={&quot;minOccurs&quot;:&quot;0&quot;,&quot;maxOccurs&quot;:&quot;1&quot;,&quot;ctype&quot;:&quot;string&quot;,&quot;title&quot;:&quot;&quot;,&quot;isSuccess&quot;:&quot;&quot;,&quot;isFail&quot;:&quot;&quot;}--&gt;&#13;
							&lt;ind:Number/&gt;&#13;
							&lt;!--Optional:|erp_web={&quot;minOccurs&quot;:&quot;0&quot;,&quot;maxOccurs&quot;:&quot;1&quot;,&quot;ctype&quot;:&quot;string&quot;,&quot;title&quot;:&quot;&quot;,&quot;isSuccess&quot;:&quot;&quot;,&quot;isFail&quot;:&quot;&quot;}--&gt;&#13;
							&lt;ind:Name/&gt;&#13;
							&lt;!--Optional:|erp_web={&quot;minOccurs&quot;:&quot;1&quot;,&quot;maxOccurs&quot;:&quot;1&quot;,&quot;ctype&quot;:&quot;double&quot;,&quot;title&quot;:&quot;&quot;,&quot;isSuccess&quot;:&quot;&quot;,&quot;isFail&quot;:&quot;&quot;}--&gt;&#13;
							&lt;ind:FLowLimit/&gt;&#13;
							&lt;!--Optional:|erp_web={&quot;minOccurs&quot;:&quot;1&quot;,&quot;maxOccurs&quot;:&quot;1&quot;,&quot;ctype&quot;:&quot;double&quot;,&quot;title&quot;:&quot;&quot;,&quot;isSuccess&quot;:&quot;&quot;,&quot;isFail&quot;:&quot;&quot;}--&gt;&#13;
							&lt;ind:FHighLimit/&gt;&#13;
							&lt;!--Optional:|erp_web={&quot;minOccurs&quot;:&quot;1&quot;,&quot;maxOccurs&quot;:&quot;1&quot;,&quot;ctype&quot;:&quot;double&quot;,&quot;title&quot;:&quot;&quot;,&quot;isSuccess&quot;:&quot;&quot;,&quot;isFail&quot;:&quot;&quot;}--&gt;&#13;
							&lt;ind:FSecInv/&gt;&#13;
							&lt;!--Optional:|erp_web={&quot;minOccurs&quot;:&quot;1&quot;,&quot;maxOccurs&quot;:&quot;1&quot;,&quot;ctype&quot;:&quot;double&quot;,&quot;title&quot;:&quot;&quot;,&quot;isSuccess&quot;:&quot;&quot;,&quot;isFail&quot;:&quot;&quot;}--&gt;&#13;
							&lt;ind:FLockedQty/&gt;&#13;
							&lt;!--Zero or more repetitions:|erp_web={&quot;minOccurs&quot;:&quot;0&quot;, &quot;maxOccurs&quot;:&quot;2147483647&quot;}--&gt;&#13;
							&lt;ind:FItemQtyWithBatch&gt;&#13;
								&lt;!--Optional:|erp_web={&quot;minOccurs&quot;:&quot;0&quot;,&quot;maxOccurs&quot;:&quot;1&quot;,&quot;ctype&quot;:&quot;string&quot;,&quot;title&quot;:&quot;&quot;,&quot;isSuccess&quot;:&quot;&quot;,&quot;isFail&quot;:&quot;&quot;}--&gt;&#13;
								&lt;ind:FBatchNo/&gt;&#13;
								&lt;!--Optional:|erp_web={&quot;minOccurs&quot;:&quot;1&quot;,&quot;maxOccurs&quot;:&quot;1&quot;,&quot;ctype&quot;:&quot;double&quot;,&quot;title&quot;:&quot;&quot;,&quot;isSuccess&quot;:&quot;&quot;,&quot;isFail&quot;:&quot;&quot;}--&gt;&#13;
								&lt;ind:FCurrentQty/&gt;&#13;
							&lt;/ind:FItemQtyWithBatch&gt;&#13;
						&lt;/ind:StockDataWithBatch&gt;&#13;
					&lt;/ind:QueryWithBatchResult&gt;&#13;
					&lt;!--Optional:|erp_web={&quot;minOccurs&quot;:&quot;0&quot;,&quot;maxOccurs&quot;:&quot;1&quot;,&quot;ctype&quot;:&quot;string&quot;,&quot;title&quot;:&quot;&quot;,&quot;isSuccess&quot;:&quot;&quot;,&quot;isFail&quot;:&quot;&quot;}--&gt;&#13;
					&lt;ind:strError/&gt;&#13;
				&lt;/ind:QueryWithBatchResponse&gt;&#13;
			&lt;/soap:Body&gt;&#13;
		&lt;/soap:Envelope&gt;&lt;/Output&gt;&lt;Fault&gt;&lt;!--Optional:|erp_web={&quot;minOccurs&quot;:&quot;1&quot;, &quot;maxOccurs&quot;:&quot;1&quot;}--&gt;&#13;
		&lt;soap:Envelope xmlns:soap=&quot;http://www.w3.org/2003/05/soap-envelope&quot;&gt;&#13;
			&lt;!--Optional:|erp_web={&quot;minOccurs&quot;:&quot;0&quot;,&quot;maxOccurs&quot;:&quot;1&quot;,&quot;title&quot;:&quot;&quot;}--&gt;&#13;
			&lt;soap:Header&gt;&#13;
				&lt;!--You may enter ANY elements at this point--&gt;&#13;
			&lt;/soap:Header&gt;&#13;
			&lt;!--Optional:|erp_web={&quot;minOccurs&quot;:&quot;1&quot;, &quot;maxOccurs&quot;:&quot;1&quot;}--&gt;&#13;
			&lt;soap:Body&gt;&#13;
				&lt;!--You may enter ANY elements at this point--&gt;&#13;
				&lt;soap:Fault&gt;&#13;
					&lt;!--Optional:|erp_web={&quot;minOccurs&quot;:&quot;1&quot;, &quot;maxOccurs&quot;:&quot;1&quot;}--&gt;&#13;
					&lt;soap:Code&gt;&#13;
						&lt;!--Optional:|erp_web={&quot;minOccurs&quot;:&quot;1&quot;,&quot;maxOccurs&quot;:&quot;1&quot;,&quot;title&quot;:&quot;&quot;}--&gt;&#13;
						&lt;soap:Value/&gt;&#13;
						&lt;!--Optional:|erp_web={&quot;minOccurs&quot;:&quot;0&quot;, &quot;maxOccurs&quot;:&quot;1&quot;}--&gt;&#13;
						&lt;soap:Subcode&gt;&#13;
							&lt;!--Optional:|erp_web={&quot;minOccurs&quot;:&quot;1&quot;,&quot;maxOccurs&quot;:&quot;1&quot;,&quot;ctype&quot;:&quot;QName&quot;,&quot;title&quot;:&quot;&quot;}--&gt;&#13;
							&lt;soap:Value/&gt;&#13;
							&lt;!--Optional:|erp_web={&quot;minOccurs&quot;:&quot;0&quot;,&quot;maxOccurs&quot;:&quot;1&quot;,&quot;title&quot;:&quot;&quot;}--&gt;&#13;
							&lt;soap:Subcode/&gt;&#13;
						&lt;/soap:Subcode&gt;&#13;
					&lt;/soap:Code&gt;&#13;
					&lt;!--Optional:|erp_web={&quot;minOccurs&quot;:&quot;1&quot;, &quot;maxOccurs&quot;:&quot;1&quot;}--&gt;&#13;
					&lt;soap:Reason&gt;&#13;
						&lt;!--1 or more repetitions:|erp_web={&quot;minOccurs&quot;:&quot;1&quot;,&quot;maxOccurs&quot;:&quot;2147483647&quot;,&quot;title&quot;:&quot;&quot;}--&gt;&#13;
						&lt;soap:Text xml:lang=&quot;&quot;/&gt;&#13;
					&lt;/soap:Reason&gt;&#13;
					&lt;!--Optional:|erp_web={&quot;minOccurs&quot;:&quot;0&quot;,&quot;maxOccurs&quot;:&quot;1&quot;,&quot;ctype&quot;:&quot;anyURI&quot;,&quot;title&quot;:&quot;&quot;}--&gt;&#13;
					&lt;soap:Node/&gt;&#13;
					&lt;!--Optional:|erp_web={&quot;minOccurs&quot;:&quot;0&quot;,&quot;maxOccurs&quot;:&quot;1&quot;,&quot;ctype&quot;:&quot;anyURI&quot;,&quot;title&quot;:&quot;&quot;}--&gt;&#13;
					&lt;soap:Role/&gt;&#13;
					&lt;!--Optional:|erp_web={&quot;minOccurs&quot;:&quot;0&quot;,&quot;maxOccurs&quot;:&quot;1&quot;,&quot;title&quot;:&quot;&quot;}--&gt;&#13;
					&lt;soap:Detail&gt;&#13;
						&lt;!--You may enter ANY elements at this point--&gt;&#13;
					&lt;/soap:Detail&gt;&#13;
				&lt;/soap:Fault&gt;&#13;
			&lt;/soap:Body&gt;&#13;
		&lt;/soap:Envelope&gt;&lt;/Fault&gt;&lt;/web&gt;&#13;
</string> 
  </void> 
  <void method="put"> 
   <string>wsSoapVersion</string> 
   <string>SOAP 1.2</string> 
  </void> 
  <void method="put"> 
   <string>docMainVersion</string> 
   <long>1</long> 
  </void> 
  <void method="put"> 
   <string>docStatus</string> 
   <string>30</string> 
  </void> 
  <void method="put"> 
   <string>docCreator</string> 
   <object class="java.util.HashMap"> 
    <void method="put"> 
     <string>fdId</string> 
     <string>1183b0b84ee4f581bba001c47a78b2d9</string> 
    </void> 
    <void method="put"> 
     <string>class</string> 
     <string>com.landray.kmss.sys.organization.model.SysOrgPerson</string> 
    </void> 
   </object> 
  </void> 
  <void method="put"> 
   <string>docAuxiVersion</string> 
   <long>0</long> 
  </void> 
  <void method="put"> 
   <string>class</string> 
   <string>com.landray.kmss.tib.sys.soap.connector.model.TibSysSoapMain</string> 
  </void> 
  <void method="put"> 
   <string>fdType</string> 
   <string>3</string> 
  </void> 
  <void method="put"> 
   <string>wsEnable</string> 
   <boolean>true</boolean> 
  </void> 
  <void method="put"> 
   <string>tibSysSoapSetting</string> 
   <object class="java.util.HashMap"> 
    <void method="put"> 
     <string>fdId</string> 
     <string>13f9938ab6c2f080dd30cfb413d8cd0a</string> 
    </void> 
    <void method="put"> 
     <string>class</string> 
     <string>com.landray.kmss.tib.sys.soap.connector.model.TibSysSoapSetting</string> 
    </void> 
   </object> 
  </void> 
  <void method="put"> 
   <string>docCategory</string> 
   <object class="java.util.HashMap"> 
    <void method="put"> 
     <string>fdId</string> 
     <string>13f84cef9af3d82146319cc44d0b7bce</string> 
    </void> 
    <void method="put"> 
     <string>class</string> 
     <string>com.landray.kmss.tib.sys.soap.connector.model.TibSysSoapCategory</string> 
    </void> 
   </object> 
  </void> 
  <void method="put"> 
   <string>docIsLocked</string> 
   <boolean>false</boolean> 
  </void> 
  <void method="put"> 
   <string>docIsNewVersion</string> 
   <boolean>true</boolean> 
  </void> 
  <void method="put"> 
   <string>fdId</string> 
   <string>13f9939978489785599cafc48628bfc1</string> 
  </void> 
  <void method="put"> 
   <string>wsBindFuncInfo</string> 
   <string>返回满足条件的工业库存信息</string> 
  </void> 
 </object> 
</java> 
