<?xml version="1.0" encoding="UTF-8"?> 
<java version="1.6.0_33" class="java.beans.XMLDecoder"> 
 <object class="java.util.HashMap"> 
  <void method="put"> 
   <string>wsMarks</string> 
   <string></string> 
  </void> 
  <void method="put"> 
   <string>docSubject</string> 
   <string>查询销售发票</string> 
  </void> 
  <void method="put"> 
   <string>docCreateTime</string> 
   <object class="java.util.Date"> 
    <long>1372666562000</long> 
   </object> 
  </void> 
  <void method="put"> 
   <string>wsBindFunc</string> 
   <string>QuerySaleInvoice</string> 
  </void> 
  <void method="put"> 
   <string>wsMapperTemplate</string> 
   <string>&lt;?xml version=&quot;1.0&quot;?&gt;&#13;
&lt;web ID=&quot;13f994a20cbb5af9e83860a49b59b777&quot;&gt;&lt;Input&gt;&lt;soap:Envelope xmlns:soap=&quot;http://www.w3.org/2003/05/soap-envelope&quot; xmlns:ind=&quot;http://www.kingdee.com/InduSaleInvoice&quot;&gt;&#13;
			&lt;!--{&quot;title&quot;:&quot;&quot;}--&gt;&lt;soap:Header/&gt;&#13;
			&lt;soap:Body&gt;&#13;
				&lt;ind:QuerySaleInvoice&gt;&#13;
					&lt;!--Optional:|erp_web={&quot;minOccurs&quot;:&quot;1&quot;,&quot;maxOccurs&quot;:&quot;1&quot;,&quot;ctype&quot;:&quot;int&quot;,&quot;title&quot;:&quot;账套ID&quot;}--&gt;&#13;
					&lt;ind:iAisID/&gt;&#13;
					&lt;!--Optional:|erp_web={&quot;minOccurs&quot;:&quot;0&quot;,&quot;maxOccurs&quot;:&quot;1&quot;,&quot;ctype&quot;:&quot;string&quot;,&quot;title&quot;:&quot;用户名&quot;}--&gt;&#13;
					&lt;ind:strUser/&gt;&#13;
					&lt;!--Optional:|erp_web={&quot;minOccurs&quot;:&quot;0&quot;,&quot;maxOccurs&quot;:&quot;1&quot;,&quot;ctype&quot;:&quot;string&quot;,&quot;title&quot;:&quot;密码&quot;}--&gt;&#13;
					&lt;ind:strPassword/&gt;&#13;
					&lt;!--Optional:|erp_web={&quot;minOccurs&quot;:&quot;1&quot;,&quot;maxOccurs&quot;:&quot;1&quot;,&quot;ctype&quot;:&quot;int&quot;,&quot;title&quot;:&quot;查询时的每页记录条数&quot;}--&gt;&#13;
					&lt;ind:iPerCount/&gt;&#13;
					&lt;!--Optional:|erp_web={&quot;minOccurs&quot;:&quot;0&quot;,&quot;maxOccurs&quot;:&quot;1&quot;,&quot;ctype&quot;:&quot;string&quot;,&quot;title&quot;:&quot;传入起始时间辍值，默认为“0x0000000000000000”，返回当前页的最大时间戳值&quot;}--&gt;&#13;
					&lt;ind:strTimeStamp/&gt;&#13;
				&lt;/ind:QuerySaleInvoice&gt;&#13;
			&lt;/soap:Body&gt;&#13;
		&lt;/soap:Envelope&gt;&lt;/Input&gt;&lt;Output&gt;&lt;soap:Envelope xmlns:soap=&quot;http://www.w3.org/2003/05/soap-envelope&quot; xmlns:ind=&quot;http://www.kingdee.com/InduSaleInvoice&quot;&gt;&#13;
			&lt;!--{&quot;title&quot;:&quot;&quot;,&quot;isSuccess&quot;:&quot;&quot;,&quot;isFail&quot;:&quot;&quot;}--&gt;&lt;soap:Header/&gt;&#13;
			&lt;soap:Body&gt;&#13;
				&lt;ind:QuerySaleInvoiceResponse&gt;&#13;
					&lt;!--Optional:|erp_web={&quot;minOccurs&quot;:&quot;0&quot;, &quot;maxOccurs&quot;:&quot;1&quot;}--&gt;&#13;
					&lt;ind:QuerySaleInvoiceResult&gt;&#13;
						&lt;!--Zero or more repetitions:|erp_web={&quot;minOccurs&quot;:&quot;0&quot;, &quot;maxOccurs&quot;:&quot;2147483647&quot;}--&gt;&#13;
						&lt;ind:IndSaleInvoice&gt;&#13;
							&lt;!--Optional:|erp_web={&quot;minOccurs&quot;:&quot;0&quot;,&quot;maxOccurs&quot;:&quot;1&quot;,&quot;ctype&quot;:&quot;string&quot;,&quot;title&quot;:&quot;&quot;,&quot;isSuccess&quot;:&quot;&quot;,&quot;isFail&quot;:&quot;&quot;}--&gt;&#13;
							&lt;ind:UUID/&gt;&#13;
							&lt;!--Optional:|erp_web={&quot;minOccurs&quot;:&quot;0&quot;,&quot;maxOccurs&quot;:&quot;1&quot;,&quot;ctype&quot;:&quot;string&quot;,&quot;title&quot;:&quot;&quot;,&quot;isSuccess&quot;:&quot;&quot;,&quot;isFail&quot;:&quot;&quot;}--&gt;&#13;
							&lt;ind:BillNo/&gt;&#13;
							&lt;!--Optional:|erp_web={&quot;minOccurs&quot;:&quot;0&quot;,&quot;maxOccurs&quot;:&quot;1&quot;,&quot;ctype&quot;:&quot;string&quot;,&quot;title&quot;:&quot;&quot;,&quot;isSuccess&quot;:&quot;&quot;,&quot;isFail&quot;:&quot;&quot;}--&gt;&#13;
							&lt;ind:SaleInvoiceType/&gt;&#13;
							&lt;!--Optional:|erp_web={&quot;minOccurs&quot;:&quot;1&quot;,&quot;maxOccurs&quot;:&quot;1&quot;,&quot;ctype&quot;:&quot;dateTime&quot;,&quot;title&quot;:&quot;&quot;,&quot;isSuccess&quot;:&quot;&quot;,&quot;isFail&quot;:&quot;&quot;}--&gt;&#13;
							&lt;ind:Date/&gt;&#13;
							&lt;!--Optional:|erp_web={&quot;minOccurs&quot;:&quot;0&quot;,&quot;maxOccurs&quot;:&quot;1&quot;,&quot;ctype&quot;:&quot;long&quot;,&quot;title&quot;:&quot;&quot;,&quot;isSuccess&quot;:&quot;&quot;,&quot;isFail&quot;:&quot;&quot;}--&gt;&#13;
							&lt;ind:ROB&gt;0&lt;/ind:ROB&gt;&#13;
							&lt;!--Optional:|erp_web={&quot;minOccurs&quot;:&quot;0&quot;, &quot;maxOccurs&quot;:&quot;1&quot;}--&gt;&#13;
							&lt;ind:SaleStyle&gt;&#13;
								&lt;!--Optional:|erp_web={&quot;minOccurs&quot;:&quot;0&quot;,&quot;maxOccurs&quot;:&quot;1&quot;,&quot;ctype&quot;:&quot;string&quot;,&quot;title&quot;:&quot;&quot;,&quot;isSuccess&quot;:&quot;&quot;,&quot;isFail&quot;:&quot;&quot;}--&gt;&#13;
								&lt;ind:UUID/&gt;&#13;
								&lt;!--Optional:|erp_web={&quot;minOccurs&quot;:&quot;0&quot;,&quot;maxOccurs&quot;:&quot;1&quot;,&quot;ctype&quot;:&quot;string&quot;,&quot;title&quot;:&quot;&quot;,&quot;isSuccess&quot;:&quot;&quot;,&quot;isFail&quot;:&quot;&quot;}--&gt;&#13;
								&lt;ind:Number/&gt;&#13;
								&lt;!--Optional:|erp_web={&quot;minOccurs&quot;:&quot;0&quot;,&quot;maxOccurs&quot;:&quot;1&quot;,&quot;ctype&quot;:&quot;string&quot;,&quot;title&quot;:&quot;&quot;,&quot;isSuccess&quot;:&quot;&quot;,&quot;isFail&quot;:&quot;&quot;}--&gt;&#13;
								&lt;ind:Name/&gt;&#13;
							&lt;/ind:SaleStyle&gt;&#13;
							&lt;!--Optional:|erp_web={&quot;minOccurs&quot;:&quot;0&quot;, &quot;maxOccurs&quot;:&quot;1&quot;}--&gt;&#13;
							&lt;ind:Customer&gt;&#13;
								&lt;!--Optional:|erp_web={&quot;minOccurs&quot;:&quot;0&quot;,&quot;maxOccurs&quot;:&quot;1&quot;,&quot;ctype&quot;:&quot;string&quot;,&quot;title&quot;:&quot;&quot;,&quot;isSuccess&quot;:&quot;&quot;,&quot;isFail&quot;:&quot;&quot;}--&gt;&#13;
								&lt;ind:UUID/&gt;&#13;
								&lt;!--Optional:|erp_web={&quot;minOccurs&quot;:&quot;0&quot;,&quot;maxOccurs&quot;:&quot;1&quot;,&quot;ctype&quot;:&quot;string&quot;,&quot;title&quot;:&quot;&quot;,&quot;isSuccess&quot;:&quot;&quot;,&quot;isFail&quot;:&quot;&quot;}--&gt;&#13;
								&lt;ind:Number/&gt;&#13;
								&lt;!--Optional:|erp_web={&quot;minOccurs&quot;:&quot;0&quot;,&quot;maxOccurs&quot;:&quot;1&quot;,&quot;ctype&quot;:&quot;string&quot;,&quot;title&quot;:&quot;&quot;,&quot;isSuccess&quot;:&quot;&quot;,&quot;isFail&quot;:&quot;&quot;}--&gt;&#13;
								&lt;ind:Name/&gt;&#13;
							&lt;/ind:Customer&gt;&#13;
							&lt;!--Optional:|erp_web={&quot;minOccurs&quot;:&quot;0&quot;, &quot;maxOccurs&quot;:&quot;1&quot;}--&gt;&#13;
							&lt;ind:Currency&gt;&#13;
								&lt;!--Optional:|erp_web={&quot;minOccurs&quot;:&quot;0&quot;,&quot;maxOccurs&quot;:&quot;1&quot;,&quot;ctype&quot;:&quot;string&quot;,&quot;title&quot;:&quot;&quot;,&quot;isSuccess&quot;:&quot;&quot;,&quot;isFail&quot;:&quot;&quot;}--&gt;&#13;
								&lt;ind:UUID/&gt;&#13;
								&lt;!--Optional:|erp_web={&quot;minOccurs&quot;:&quot;0&quot;,&quot;maxOccurs&quot;:&quot;1&quot;,&quot;ctype&quot;:&quot;string&quot;,&quot;title&quot;:&quot;&quot;,&quot;isSuccess&quot;:&quot;&quot;,&quot;isFail&quot;:&quot;&quot;}--&gt;&#13;
								&lt;ind:Number/&gt;&#13;
								&lt;!--Optional:|erp_web={&quot;minOccurs&quot;:&quot;0&quot;,&quot;maxOccurs&quot;:&quot;1&quot;,&quot;ctype&quot;:&quot;string&quot;,&quot;title&quot;:&quot;&quot;,&quot;isSuccess&quot;:&quot;&quot;,&quot;isFail&quot;:&quot;&quot;}--&gt;&#13;
								&lt;ind:Name/&gt;&#13;
							&lt;/ind:Currency&gt;&#13;
							&lt;!--Optional:|erp_web={&quot;minOccurs&quot;:&quot;0&quot;, &quot;maxOccurs&quot;:&quot;1&quot;}--&gt;&#13;
							&lt;ind:Department&gt;&#13;
								&lt;!--Optional:|erp_web={&quot;minOccurs&quot;:&quot;0&quot;,&quot;maxOccurs&quot;:&quot;1&quot;,&quot;ctype&quot;:&quot;string&quot;,&quot;title&quot;:&quot;&quot;,&quot;isSuccess&quot;:&quot;&quot;,&quot;isFail&quot;:&quot;&quot;}--&gt;&#13;
								&lt;ind:UUID/&gt;&#13;
								&lt;!--Optional:|erp_web={&quot;minOccurs&quot;:&quot;0&quot;,&quot;maxOccurs&quot;:&quot;1&quot;,&quot;ctype&quot;:&quot;string&quot;,&quot;title&quot;:&quot;&quot;,&quot;isSuccess&quot;:&quot;&quot;,&quot;isFail&quot;:&quot;&quot;}--&gt;&#13;
								&lt;ind:Number/&gt;&#13;
								&lt;!--Optional:|erp_web={&quot;minOccurs&quot;:&quot;0&quot;,&quot;maxOccurs&quot;:&quot;1&quot;,&quot;ctype&quot;:&quot;string&quot;,&quot;title&quot;:&quot;&quot;,&quot;isSuccess&quot;:&quot;&quot;,&quot;isFail&quot;:&quot;&quot;}--&gt;&#13;
								&lt;ind:Name/&gt;&#13;
							&lt;/ind:Department&gt;&#13;
							&lt;!--Optional:|erp_web={&quot;minOccurs&quot;:&quot;0&quot;, &quot;maxOccurs&quot;:&quot;1&quot;}--&gt;&#13;
							&lt;ind:Employee&gt;&#13;
								&lt;!--Optional:|erp_web={&quot;minOccurs&quot;:&quot;0&quot;,&quot;maxOccurs&quot;:&quot;1&quot;,&quot;ctype&quot;:&quot;string&quot;,&quot;title&quot;:&quot;&quot;,&quot;isSuccess&quot;:&quot;&quot;,&quot;isFail&quot;:&quot;&quot;}--&gt;&#13;
								&lt;ind:UUID/&gt;&#13;
								&lt;!--Optional:|erp_web={&quot;minOccurs&quot;:&quot;0&quot;,&quot;maxOccurs&quot;:&quot;1&quot;,&quot;ctype&quot;:&quot;string&quot;,&quot;title&quot;:&quot;&quot;,&quot;isSuccess&quot;:&quot;&quot;,&quot;isFail&quot;:&quot;&quot;}--&gt;&#13;
								&lt;ind:Number/&gt;&#13;
								&lt;!--Optional:|erp_web={&quot;minOccurs&quot;:&quot;0&quot;,&quot;maxOccurs&quot;:&quot;1&quot;,&quot;ctype&quot;:&quot;string&quot;,&quot;title&quot;:&quot;&quot;,&quot;isSuccess&quot;:&quot;&quot;,&quot;isFail&quot;:&quot;&quot;}--&gt;&#13;
								&lt;ind:Name/&gt;&#13;
							&lt;/ind:Employee&gt;&#13;
							&lt;!--Optional:|erp_web={&quot;minOccurs&quot;:&quot;1&quot;,&quot;maxOccurs&quot;:&quot;1&quot;,&quot;ctype&quot;:&quot;double&quot;,&quot;title&quot;:&quot;&quot;,&quot;isSuccess&quot;:&quot;&quot;,&quot;isFail&quot;:&quot;&quot;}--&gt;&#13;
							&lt;ind:ExchangeRate/&gt;&#13;
							&lt;!--Optional:|erp_web={&quot;minOccurs&quot;:&quot;0&quot;,&quot;maxOccurs&quot;:&quot;1&quot;,&quot;ctype&quot;:&quot;string&quot;,&quot;title&quot;:&quot;&quot;,&quot;isSuccess&quot;:&quot;&quot;,&quot;isFail&quot;:&quot;&quot;}--&gt;&#13;
							&lt;ind:Note/&gt;&#13;
							&lt;!--Optional:|erp_web={&quot;minOccurs&quot;:&quot;0&quot;, &quot;maxOccurs&quot;:&quot;1&quot;}--&gt;&#13;
							&lt;ind:BillerID&gt;&#13;
								&lt;!--Optional:|erp_web={&quot;minOccurs&quot;:&quot;0&quot;,&quot;maxOccurs&quot;:&quot;1&quot;,&quot;ctype&quot;:&quot;string&quot;,&quot;title&quot;:&quot;&quot;,&quot;isSuccess&quot;:&quot;&quot;,&quot;isFail&quot;:&quot;&quot;}--&gt;&#13;
								&lt;ind:UUID/&gt;&#13;
								&lt;!--Optional:|erp_web={&quot;minOccurs&quot;:&quot;0&quot;,&quot;maxOccurs&quot;:&quot;1&quot;,&quot;ctype&quot;:&quot;string&quot;,&quot;title&quot;:&quot;&quot;,&quot;isSuccess&quot;:&quot;&quot;,&quot;isFail&quot;:&quot;&quot;}--&gt;&#13;
								&lt;ind:Number/&gt;&#13;
								&lt;!--Optional:|erp_web={&quot;minOccurs&quot;:&quot;0&quot;,&quot;maxOccurs&quot;:&quot;1&quot;,&quot;ctype&quot;:&quot;string&quot;,&quot;title&quot;:&quot;&quot;,&quot;isSuccess&quot;:&quot;&quot;,&quot;isFail&quot;:&quot;&quot;}--&gt;&#13;
								&lt;ind:Name/&gt;&#13;
							&lt;/ind:BillerID&gt;&#13;
							&lt;!--Zero or more repetitions:|erp_web={&quot;minOccurs&quot;:&quot;0&quot;, &quot;maxOccurs&quot;:&quot;2147483647&quot;}--&gt;&#13;
							&lt;ind:Entry&gt;&#13;
								&lt;!--Optional:|erp_web={&quot;minOccurs&quot;:&quot;1&quot;,&quot;maxOccurs&quot;:&quot;1&quot;,&quot;ctype&quot;:&quot;long&quot;,&quot;title&quot;:&quot;&quot;,&quot;isSuccess&quot;:&quot;&quot;,&quot;isFail&quot;:&quot;&quot;}--&gt;&#13;
								&lt;ind:EntryID/&gt;&#13;
								&lt;!--Optional:|erp_web={&quot;minOccurs&quot;:&quot;0&quot;, &quot;maxOccurs&quot;:&quot;1&quot;}--&gt;&#13;
								&lt;ind:Item&gt;&#13;
									&lt;!--Optional:|erp_web={&quot;minOccurs&quot;:&quot;0&quot;,&quot;maxOccurs&quot;:&quot;1&quot;,&quot;ctype&quot;:&quot;string&quot;,&quot;title&quot;:&quot;&quot;,&quot;isSuccess&quot;:&quot;&quot;,&quot;isFail&quot;:&quot;&quot;}--&gt;&#13;
									&lt;ind:UUID/&gt;&#13;
									&lt;!--Optional:|erp_web={&quot;minOccurs&quot;:&quot;0&quot;,&quot;maxOccurs&quot;:&quot;1&quot;,&quot;ctype&quot;:&quot;string&quot;,&quot;title&quot;:&quot;&quot;,&quot;isSuccess&quot;:&quot;&quot;,&quot;isFail&quot;:&quot;&quot;}--&gt;&#13;
									&lt;ind:Number/&gt;&#13;
									&lt;!--Optional:|erp_web={&quot;minOccurs&quot;:&quot;0&quot;,&quot;maxOccurs&quot;:&quot;1&quot;,&quot;ctype&quot;:&quot;string&quot;,&quot;title&quot;:&quot;&quot;,&quot;isSuccess&quot;:&quot;&quot;,&quot;isFail&quot;:&quot;&quot;}--&gt;&#13;
									&lt;ind:Name/&gt;&#13;
								&lt;/ind:Item&gt;&#13;
								&lt;!--Optional:|erp_web={&quot;minOccurs&quot;:&quot;1&quot;,&quot;maxOccurs&quot;:&quot;1&quot;,&quot;ctype&quot;:&quot;double&quot;,&quot;title&quot;:&quot;&quot;,&quot;isSuccess&quot;:&quot;&quot;,&quot;isFail&quot;:&quot;&quot;}--&gt;&#13;
								&lt;ind:AuxQty/&gt;&#13;
								&lt;!--Optional:|erp_web={&quot;minOccurs&quot;:&quot;0&quot;, &quot;maxOccurs&quot;:&quot;1&quot;}--&gt;&#13;
								&lt;ind:Unit&gt;&#13;
									&lt;!--Optional:|erp_web={&quot;minOccurs&quot;:&quot;0&quot;,&quot;maxOccurs&quot;:&quot;1&quot;,&quot;ctype&quot;:&quot;string&quot;,&quot;title&quot;:&quot;&quot;,&quot;isSuccess&quot;:&quot;&quot;,&quot;isFail&quot;:&quot;&quot;}--&gt;&#13;
									&lt;ind:UUID/&gt;&#13;
									&lt;!--Optional:|erp_web={&quot;minOccurs&quot;:&quot;0&quot;,&quot;maxOccurs&quot;:&quot;1&quot;,&quot;ctype&quot;:&quot;string&quot;,&quot;title&quot;:&quot;&quot;,&quot;isSuccess&quot;:&quot;&quot;,&quot;isFail&quot;:&quot;&quot;}--&gt;&#13;
									&lt;ind:Number/&gt;&#13;
									&lt;!--Optional:|erp_web={&quot;minOccurs&quot;:&quot;0&quot;,&quot;maxOccurs&quot;:&quot;1&quot;,&quot;ctype&quot;:&quot;string&quot;,&quot;title&quot;:&quot;&quot;,&quot;isSuccess&quot;:&quot;&quot;,&quot;isFail&quot;:&quot;&quot;}--&gt;&#13;
									&lt;ind:Name/&gt;&#13;
								&lt;/ind:Unit&gt;&#13;
								&lt;!--Optional:|erp_web={&quot;minOccurs&quot;:&quot;1&quot;,&quot;maxOccurs&quot;:&quot;1&quot;,&quot;ctype&quot;:&quot;double&quot;,&quot;title&quot;:&quot;&quot;,&quot;isSuccess&quot;:&quot;&quot;,&quot;isFail&quot;:&quot;&quot;}--&gt;&#13;
								&lt;ind:AuxPrice/&gt;&#13;
								&lt;!--Optional:|erp_web={&quot;minOccurs&quot;:&quot;1&quot;,&quot;maxOccurs&quot;:&quot;1&quot;,&quot;ctype&quot;:&quot;double&quot;,&quot;title&quot;:&quot;&quot;,&quot;isSuccess&quot;:&quot;&quot;,&quot;isFail&quot;:&quot;&quot;}--&gt;&#13;
								&lt;ind:AuxTaxPrice/&gt;&#13;
								&lt;!--Optional:|erp_web={&quot;minOccurs&quot;:&quot;1&quot;,&quot;maxOccurs&quot;:&quot;1&quot;,&quot;ctype&quot;:&quot;double&quot;,&quot;title&quot;:&quot;&quot;,&quot;isSuccess&quot;:&quot;&quot;,&quot;isFail&quot;:&quot;&quot;}--&gt;&#13;
								&lt;ind:TaxRate/&gt;&#13;
								&lt;!--Optional:|erp_web={&quot;minOccurs&quot;:&quot;1&quot;,&quot;maxOccurs&quot;:&quot;1&quot;,&quot;ctype&quot;:&quot;double&quot;,&quot;title&quot;:&quot;&quot;,&quot;isSuccess&quot;:&quot;&quot;,&quot;isFail&quot;:&quot;&quot;}--&gt;&#13;
								&lt;ind:DiscountRate/&gt;&#13;
								&lt;!--Optional:|erp_web={&quot;minOccurs&quot;:&quot;1&quot;,&quot;maxOccurs&quot;:&quot;1&quot;,&quot;ctype&quot;:&quot;double&quot;,&quot;title&quot;:&quot;&quot;,&quot;isSuccess&quot;:&quot;&quot;,&quot;isFail&quot;:&quot;&quot;}--&gt;&#13;
								&lt;ind:Amount/&gt;&#13;
								&lt;!--Optional:|erp_web={&quot;minOccurs&quot;:&quot;1&quot;,&quot;maxOccurs&quot;:&quot;1&quot;,&quot;ctype&quot;:&quot;double&quot;,&quot;title&quot;:&quot;&quot;,&quot;isSuccess&quot;:&quot;&quot;,&quot;isFail&quot;:&quot;&quot;}--&gt;&#13;
								&lt;ind:TaxAmount/&gt;&#13;
							&lt;/ind:Entry&gt;&#13;
						&lt;/ind:IndSaleInvoice&gt;&#13;
					&lt;/ind:QuerySaleInvoiceResult&gt;&#13;
					&lt;!--Optional:|erp_web={&quot;minOccurs&quot;:&quot;0&quot;,&quot;maxOccurs&quot;:&quot;1&quot;,&quot;ctype&quot;:&quot;string&quot;,&quot;title&quot;:&quot;返回当前页的最大时间戳值，下一页查询，将此值直接传入&quot;,&quot;isSuccess&quot;:&quot;&quot;,&quot;isFail&quot;:&quot;&quot;}--&gt;&#13;
					&lt;ind:strTimeStamp/&gt;&#13;
					&lt;!--Optional:|erp_web={&quot;minOccurs&quot;:&quot;0&quot;,&quot;maxOccurs&quot;:&quot;1&quot;,&quot;ctype&quot;:&quot;string&quot;,&quot;title&quot;:&quot;返回所要返回记录的最大时间戳值&quot;,&quot;isSuccess&quot;:&quot;&quot;,&quot;isFail&quot;:&quot;&quot;}--&gt;&#13;
					&lt;ind:strMaxTimeStamp/&gt;&#13;
					&lt;!--Optional:|erp_web={&quot;minOccurs&quot;:&quot;0&quot;,&quot;maxOccurs&quot;:&quot;1&quot;,&quot;ctype&quot;:&quot;string&quot;,&quot;title&quot;:&quot;&quot;,&quot;isSuccess&quot;:&quot;&quot;,&quot;isFail&quot;:&quot;&quot;}--&gt;&#13;
					&lt;ind:strError/&gt;&#13;
				&lt;/ind:QuerySaleInvoiceResponse&gt;&#13;
			&lt;/soap:Body&gt;&#13;
		&lt;/soap:Envelope&gt;&lt;/Output&gt;&lt;Fault&gt;&lt;!--Optional:|erp_web={&quot;minOccurs&quot;:&quot;1&quot;, &quot;maxOccurs&quot;:&quot;1&quot;}--&gt;&#13;
		&lt;soap:Envelope xmlns:soap=&quot;http://www.w3.org/2003/05/soap-envelope&quot;&gt;&#13;
			&lt;!--Optional:|erp_web={&quot;minOccurs&quot;:&quot;0&quot;,&quot;maxOccurs&quot;:&quot;1&quot;,&quot;title&quot;:&quot;&quot;}--&gt;&#13;
			&lt;soap:Header&gt;&#13;
				&lt;!--You may enter ANY elements at this point--&gt;&#13;
			&lt;/soap:Header&gt;&#13;
			&lt;!--Optional:|erp_web={&quot;minOccurs&quot;:&quot;1&quot;, &quot;maxOccurs&quot;:&quot;1&quot;}--&gt;&#13;
			&lt;soap:Body&gt;&#13;
				&lt;!--You may enter ANY elements at this point--&gt;&#13;
				&lt;soap:Fault&gt;&#13;
					&lt;!--Optional:|erp_web={&quot;minOccurs&quot;:&quot;1&quot;, &quot;maxOccurs&quot;:&quot;1&quot;}--&gt;&#13;
					&lt;soap:Code&gt;&#13;
						&lt;!--Optional:|erp_web={&quot;minOccurs&quot;:&quot;1&quot;,&quot;maxOccurs&quot;:&quot;1&quot;,&quot;title&quot;:&quot;&quot;}--&gt;&#13;
						&lt;soap:Value/&gt;&#13;
						&lt;!--Optional:|erp_web={&quot;minOccurs&quot;:&quot;0&quot;, &quot;maxOccurs&quot;:&quot;1&quot;}--&gt;&#13;
						&lt;soap:Subcode&gt;&#13;
							&lt;!--Optional:|erp_web={&quot;minOccurs&quot;:&quot;1&quot;,&quot;maxOccurs&quot;:&quot;1&quot;,&quot;ctype&quot;:&quot;QName&quot;,&quot;title&quot;:&quot;&quot;}--&gt;&#13;
							&lt;soap:Value/&gt;&#13;
							&lt;!--Optional:|erp_web={&quot;minOccurs&quot;:&quot;0&quot;,&quot;maxOccurs&quot;:&quot;1&quot;,&quot;title&quot;:&quot;&quot;}--&gt;&#13;
							&lt;soap:Subcode/&gt;&#13;
						&lt;/soap:Subcode&gt;&#13;
					&lt;/soap:Code&gt;&#13;
					&lt;!--Optional:|erp_web={&quot;minOccurs&quot;:&quot;1&quot;, &quot;maxOccurs&quot;:&quot;1&quot;}--&gt;&#13;
					&lt;soap:Reason&gt;&#13;
						&lt;!--1 or more repetitions:|erp_web={&quot;minOccurs&quot;:&quot;1&quot;,&quot;maxOccurs&quot;:&quot;2147483647&quot;,&quot;title&quot;:&quot;&quot;}--&gt;&#13;
						&lt;soap:Text xml:lang=&quot;&quot;/&gt;&#13;
					&lt;/soap:Reason&gt;&#13;
					&lt;!--Optional:|erp_web={&quot;minOccurs&quot;:&quot;0&quot;,&quot;maxOccurs&quot;:&quot;1&quot;,&quot;ctype&quot;:&quot;anyURI&quot;,&quot;title&quot;:&quot;&quot;}--&gt;&#13;
					&lt;soap:Node/&gt;&#13;
					&lt;!--Optional:|erp_web={&quot;minOccurs&quot;:&quot;0&quot;,&quot;maxOccurs&quot;:&quot;1&quot;,&quot;ctype&quot;:&quot;anyURI&quot;,&quot;title&quot;:&quot;&quot;}--&gt;&#13;
					&lt;soap:Role/&gt;&#13;
					&lt;!--Optional:|erp_web={&quot;minOccurs&quot;:&quot;0&quot;,&quot;maxOccurs&quot;:&quot;1&quot;,&quot;title&quot;:&quot;&quot;}--&gt;&#13;
					&lt;soap:Detail&gt;&#13;
						&lt;!--You may enter ANY elements at this point--&gt;&#13;
					&lt;/soap:Detail&gt;&#13;
				&lt;/soap:Fault&gt;&#13;
			&lt;/soap:Body&gt;&#13;
		&lt;/soap:Envelope&gt;&lt;/Fault&gt;&lt;/web&gt;&#13;
</string> 
  </void> 
  <void method="put"> 
   <string>wsSoapVersion</string> 
   <string>SOAP 1.2</string> 
  </void> 
  <void method="put"> 
   <string>docMainVersion</string> 
   <long>1</long> 
  </void> 
  <void method="put"> 
   <string>docStatus</string> 
   <string>30</string> 
  </void> 
  <void method="put"> 
   <string>docCreator</string> 
   <object class="java.util.HashMap"> 
    <void method="put"> 
     <string>fdId</string> 
     <string>1183b0b84ee4f581bba001c47a78b2d9</string> 
    </void> 
    <void method="put"> 
     <string>class</string> 
     <string>com.landray.kmss.sys.organization.model.SysOrgPerson</string> 
    </void> 
   </object> 
  </void> 
  <void method="put"> 
   <string>docAuxiVersion</string> 
   <long>0</long> 
  </void> 
  <void method="put"> 
   <string>class</string> 
   <string>com.landray.kmss.tib.sys.soap.connector.model.TibSysSoapMain</string> 
  </void> 
  <void method="put"> 
   <string>fdType</string> 
   <string>3</string> 
  </void> 
  <void method="put"> 
   <string>wsEnable</string> 
   <boolean>true</boolean> 
  </void> 
  <void method="put"> 
   <string>tibSysSoapSetting</string> 
   <object class="java.util.HashMap"> 
    <void method="put"> 
     <string>fdId</string> 
     <string>13f994a106f818e2d3319ae47948a1af</string> 
    </void> 
    <void method="put"> 
     <string>class</string> 
     <string>com.landray.kmss.tib.sys.soap.connector.model.TibSysSoapSetting</string> 
    </void> 
   </object> 
  </void> 
  <void method="put"> 
   <string>docCategory</string> 
   <object class="java.util.HashMap"> 
    <void method="put"> 
     <string>fdId</string> 
     <string>13f84cef9af3d82146319cc44d0b7bce</string> 
    </void> 
    <void method="put"> 
     <string>class</string> 
     <string>com.landray.kmss.tib.sys.soap.connector.model.TibSysSoapCategory</string> 
    </void> 
   </object> 
  </void> 
  <void method="put"> 
   <string>docIsLocked</string> 
   <boolean>false</boolean> 
  </void> 
  <void method="put"> 
   <string>docIsNewVersion</string> 
   <boolean>true</boolean> 
  </void> 
  <void method="put"> 
   <string>fdId</string> 
   <string>13f994a20cbb5af9e83860a49b59b777</string> 
  </void> 
  <void method="put"> 
   <string>wsBindFuncInfo</string> 
   <string>返回满足条件的销售发票信息</string> 
  </void> 
 </object> 
</java> 
