<?xml version="1.0" encoding="UTF-8"?> 
<java version="1.6.0_33" class="java.beans.XMLDecoder"> 
 <object class="java.util.HashMap"> 
  <void method="put"> 
   <string>wsMarks</string> 
   <string></string> 
  </void> 
  <void method="put"> 
   <string>docSubject</string> 
   <string>查询收款单/预收单</string> 
  </void> 
  <void method="put"> 
   <string>docCreateTime</string> 
   <object class="java.util.Date"> 
    <long>1372670018000</long> 
   </object> 
  </void> 
  <void method="put"> 
   <string>wsBindFunc</string> 
   <string>QueryReceiveBill</string> 
  </void> 
  <void method="put"> 
   <string>wsMapperTemplate</string> 
   <string>&lt;?xml version=&quot;1.0&quot;?&gt;&#13;
&lt;web ID=&quot;13f9980c467e30ed6818d2a4fa98057a&quot;&gt;&lt;Input&gt;&lt;soapenv:Envelope xmlns:soapenv=&quot;http://schemas.xmlsoap.org/soap/envelope/&quot; xmlns:rec=&quot;http://www.kingdee.com/ReceiveBill&quot;&gt;&#13;
			&lt;!--{&quot;title&quot;:&quot;&quot;}--&gt;&lt;soapenv:Header/&gt;&#13;
			&lt;soapenv:Body&gt;&#13;
				&lt;rec:QueryReceiveBill&gt;&#13;
					&lt;!--Optional:|erp_web={&quot;minOccurs&quot;:&quot;1&quot;,&quot;maxOccurs&quot;:&quot;1&quot;,&quot;ctype&quot;:&quot;int&quot;,&quot;title&quot;:&quot;账套ID&quot;}--&gt;&#13;
					&lt;rec:iAisID/&gt;&#13;
					&lt;!--Optional:|erp_web={&quot;minOccurs&quot;:&quot;0&quot;,&quot;maxOccurs&quot;:&quot;1&quot;,&quot;ctype&quot;:&quot;string&quot;,&quot;title&quot;:&quot;用户名&quot;}--&gt;&#13;
					&lt;rec:strUser/&gt;&#13;
					&lt;!--Optional:|erp_web={&quot;minOccurs&quot;:&quot;0&quot;,&quot;maxOccurs&quot;:&quot;1&quot;,&quot;ctype&quot;:&quot;string&quot;,&quot;title&quot;:&quot;密码&quot;}--&gt;&#13;
					&lt;rec:strPassword/&gt;&#13;
					&lt;!--Optional:|erp_web={&quot;minOccurs&quot;:&quot;1&quot;,&quot;maxOccurs&quot;:&quot;1&quot;,&quot;ctype&quot;:&quot;short&quot;,&quot;title&quot;:&quot;0表示收款单，1表示预收单&quot;}--&gt;&#13;
					&lt;rec:iPre/&gt;&#13;
					&lt;!--Optional:|erp_web={&quot;minOccurs&quot;:&quot;1&quot;,&quot;maxOccurs&quot;:&quot;1&quot;,&quot;ctype&quot;:&quot;int&quot;,&quot;title&quot;:&quot;查询时的每页记录条数&quot;}--&gt;&#13;
					&lt;rec:iPerCount/&gt;&#13;
					&lt;!--Optional:|erp_web={&quot;minOccurs&quot;:&quot;0&quot;,&quot;maxOccurs&quot;:&quot;1&quot;,&quot;ctype&quot;:&quot;string&quot;,&quot;title&quot;:&quot;过滤条件，符合Sql4.0规范&quot;}--&gt;&#13;
					&lt;rec:strFilter/&gt;&#13;
					&lt;!--Optional:|erp_web={&quot;minOccurs&quot;:&quot;0&quot;,&quot;maxOccurs&quot;:&quot;1&quot;,&quot;ctype&quot;:&quot;string&quot;,&quot;title&quot;:&quot;传入起始时间辍值，默认为“0x0000000000000000”，返回当前页的最大时间戳值&quot;}--&gt;&#13;
					&lt;rec:strTimeStamp/&gt;&#13;
				&lt;/rec:QueryReceiveBill&gt;&#13;
			&lt;/soapenv:Body&gt;&#13;
		&lt;/soapenv:Envelope&gt;&lt;/Input&gt;&lt;Output&gt;&lt;soapenv:Envelope xmlns:soapenv=&quot;http://schemas.xmlsoap.org/soap/envelope/&quot; xmlns:rec=&quot;http://www.kingdee.com/ReceiveBill&quot;&gt;&#13;
			&lt;!--{&quot;title&quot;:&quot;&quot;,&quot;isSuccess&quot;:&quot;&quot;,&quot;isFail&quot;:&quot;&quot;}--&gt;&lt;soapenv:Header/&gt;&#13;
			&lt;soapenv:Body&gt;&#13;
				&lt;rec:QueryReceiveBillResponse&gt;&#13;
					&lt;!--Optional:|erp_web={&quot;minOccurs&quot;:&quot;0&quot;, &quot;maxOccurs&quot;:&quot;1&quot;}--&gt;&#13;
					&lt;rec:QueryReceiveBillResult&gt;&#13;
						&lt;!--Zero or more repetitions:|erp_web={&quot;minOccurs&quot;:&quot;0&quot;, &quot;maxOccurs&quot;:&quot;2147483647&quot;}--&gt;&#13;
						&lt;rec:ReceiveBill&gt;&#13;
							&lt;!--Optional:|erp_web={&quot;minOccurs&quot;:&quot;0&quot;,&quot;maxOccurs&quot;:&quot;1&quot;,&quot;ctype&quot;:&quot;string&quot;,&quot;title&quot;:&quot;&quot;,&quot;isSuccess&quot;:&quot;&quot;,&quot;isFail&quot;:&quot;&quot;}--&gt;&#13;
							&lt;rec:Number/&gt;&#13;
							&lt;!--Optional:|erp_web={&quot;minOccurs&quot;:&quot;0&quot;,&quot;maxOccurs&quot;:&quot;1&quot;,&quot;ctype&quot;:&quot;integer&quot;,&quot;title&quot;:&quot;&quot;,&quot;isSuccess&quot;:&quot;&quot;,&quot;isFail&quot;:&quot;&quot;}--&gt;&#13;
							&lt;rec:Year/&gt;&#13;
							&lt;!--Optional:|erp_web={&quot;minOccurs&quot;:&quot;0&quot;,&quot;maxOccurs&quot;:&quot;1&quot;,&quot;ctype&quot;:&quot;integer&quot;,&quot;title&quot;:&quot;&quot;,&quot;isSuccess&quot;:&quot;&quot;,&quot;isFail&quot;:&quot;&quot;}--&gt;&#13;
							&lt;rec:Period/&gt;&#13;
							&lt;!--Optional:|erp_web={&quot;minOccurs&quot;:&quot;1&quot;,&quot;maxOccurs&quot;:&quot;1&quot;,&quot;ctype&quot;:&quot;date&quot;,&quot;title&quot;:&quot;&quot;,&quot;isSuccess&quot;:&quot;&quot;,&quot;isFail&quot;:&quot;&quot;}--&gt;&#13;
							&lt;rec:Date/&gt;&#13;
							&lt;!--Optional:|erp_web={&quot;minOccurs&quot;:&quot;1&quot;,&quot;maxOccurs&quot;:&quot;1&quot;,&quot;ctype&quot;:&quot;date&quot;,&quot;title&quot;:&quot;&quot;,&quot;isSuccess&quot;:&quot;&quot;,&quot;isFail&quot;:&quot;&quot;}--&gt;&#13;
							&lt;rec:FincDate/&gt;&#13;
							&lt;!--Optional:|erp_web={&quot;minOccurs&quot;:&quot;0&quot;,&quot;maxOccurs&quot;:&quot;1&quot;,&quot;ctype&quot;:&quot;string&quot;,&quot;title&quot;:&quot;&quot;,&quot;isSuccess&quot;:&quot;&quot;,&quot;isFail&quot;:&quot;&quot;}--&gt;&#13;
							&lt;rec:RPBank/&gt;&#13;
							&lt;!--Optional:|erp_web={&quot;minOccurs&quot;:&quot;0&quot;,&quot;maxOccurs&quot;:&quot;1&quot;,&quot;ctype&quot;:&quot;integer&quot;,&quot;title&quot;:&quot;&quot;,&quot;isSuccess&quot;:&quot;&quot;,&quot;isFail&quot;:&quot;&quot;}--&gt;&#13;
							&lt;rec:Settle/&gt;&#13;
							&lt;!--Optional:|erp_web={&quot;minOccurs&quot;:&quot;0&quot;, &quot;maxOccurs&quot;:&quot;1&quot;}--&gt;&#13;
							&lt;rec:ReceiveCy&gt;&#13;
								&lt;!--Optional:|erp_web={&quot;minOccurs&quot;:&quot;0&quot;,&quot;maxOccurs&quot;:&quot;1&quot;,&quot;ctype&quot;:&quot;string&quot;,&quot;title&quot;:&quot;&quot;,&quot;isSuccess&quot;:&quot;&quot;,&quot;isFail&quot;:&quot;&quot;}--&gt;&#13;
								&lt;rec:Number/&gt;&#13;
								&lt;!--Optional:|erp_web={&quot;minOccurs&quot;:&quot;0&quot;,&quot;maxOccurs&quot;:&quot;1&quot;,&quot;ctype&quot;:&quot;string&quot;,&quot;title&quot;:&quot;&quot;,&quot;isSuccess&quot;:&quot;&quot;,&quot;isFail&quot;:&quot;&quot;}--&gt;&#13;
								&lt;rec:Name/&gt;&#13;
								&lt;!--Optional:|erp_web={&quot;minOccurs&quot;:&quot;0&quot;,&quot;maxOccurs&quot;:&quot;1&quot;,&quot;ctype&quot;:&quot;string&quot;,&quot;title&quot;:&quot;&quot;,&quot;isSuccess&quot;:&quot;&quot;,&quot;isFail&quot;:&quot;&quot;}--&gt;&#13;
								&lt;rec:UUID/&gt;&#13;
							&lt;/rec:ReceiveCy&gt;&#13;
							&lt;!--Optional:|erp_web={&quot;minOccurs&quot;:&quot;1&quot;,&quot;maxOccurs&quot;:&quot;1&quot;,&quot;ctype&quot;:&quot;double&quot;,&quot;title&quot;:&quot;&quot;,&quot;isSuccess&quot;:&quot;&quot;,&quot;isFail&quot;:&quot;&quot;}--&gt;&#13;
							&lt;rec:SettleDiscountFor/&gt;&#13;
							&lt;!--Optional:|erp_web={&quot;minOccurs&quot;:&quot;1&quot;,&quot;maxOccurs&quot;:&quot;1&quot;,&quot;ctype&quot;:&quot;double&quot;,&quot;title&quot;:&quot;&quot;,&quot;isSuccess&quot;:&quot;&quot;,&quot;isFail&quot;:&quot;&quot;}--&gt;&#13;
							&lt;rec:SettleDiscount/&gt;&#13;
							&lt;!--Optional:|erp_web={&quot;minOccurs&quot;:&quot;0&quot;,&quot;maxOccurs&quot;:&quot;1&quot;,&quot;ctype&quot;:&quot;string&quot;,&quot;title&quot;:&quot;&quot;,&quot;isSuccess&quot;:&quot;&quot;,&quot;isFail&quot;:&quot;&quot;}--&gt;&#13;
							&lt;rec:SettleNo/&gt;&#13;
							&lt;!--Optional:|erp_web={&quot;minOccurs&quot;:&quot;1&quot;,&quot;maxOccurs&quot;:&quot;1&quot;,&quot;ctype&quot;:&quot;double&quot;,&quot;title&quot;:&quot;&quot;,&quot;isSuccess&quot;:&quot;&quot;,&quot;isFail&quot;:&quot;&quot;}--&gt;&#13;
							&lt;rec:Amount/&gt;&#13;
							&lt;!--Optional:|erp_web={&quot;minOccurs&quot;:&quot;1&quot;,&quot;maxOccurs&quot;:&quot;1&quot;,&quot;ctype&quot;:&quot;double&quot;,&quot;title&quot;:&quot;&quot;,&quot;isSuccess&quot;:&quot;&quot;,&quot;isFail&quot;:&quot;&quot;}--&gt;&#13;
							&lt;rec:AmountFor/&gt;&#13;
							&lt;!--Optional:|erp_web={&quot;minOccurs&quot;:&quot;0&quot;,&quot;maxOccurs&quot;:&quot;1&quot;,&quot;ctype&quot;:&quot;string&quot;,&quot;title&quot;:&quot;&quot;,&quot;isSuccess&quot;:&quot;&quot;,&quot;isFail&quot;:&quot;&quot;}--&gt;&#13;
							&lt;rec:ARNumber/&gt;&#13;
							&lt;!--Optional:|erp_web={&quot;minOccurs&quot;:&quot;0&quot;,&quot;maxOccurs&quot;:&quot;1&quot;,&quot;ctype&quot;:&quot;string&quot;,&quot;title&quot;:&quot;&quot;,&quot;isSuccess&quot;:&quot;&quot;,&quot;isFail&quot;:&quot;&quot;}--&gt;&#13;
							&lt;rec:BillType/&gt;&#13;
							&lt;!--Optional:|erp_web={&quot;minOccurs&quot;:&quot;0&quot;,&quot;maxOccurs&quot;:&quot;1&quot;,&quot;ctype&quot;:&quot;string&quot;,&quot;title&quot;:&quot;&quot;,&quot;isSuccess&quot;:&quot;&quot;,&quot;isFail&quot;:&quot;&quot;}--&gt;&#13;
							&lt;rec:Checker/&gt;&#13;
							&lt;!--Optional:|erp_web={&quot;minOccurs&quot;:&quot;0&quot;,&quot;maxOccurs&quot;:&quot;1&quot;,&quot;ctype&quot;:&quot;string&quot;,&quot;title&quot;:&quot;&quot;,&quot;isSuccess&quot;:&quot;&quot;,&quot;isFail&quot;:&quot;&quot;}--&gt;&#13;
							&lt;rec:ContractNo/&gt;&#13;
							&lt;!--Optional:|erp_web={&quot;minOccurs&quot;:&quot;0&quot;, &quot;maxOccurs&quot;:&quot;1&quot;}--&gt;&#13;
							&lt;rec:Currency&gt;&#13;
								&lt;!--Optional:|erp_web={&quot;minOccurs&quot;:&quot;0&quot;,&quot;maxOccurs&quot;:&quot;1&quot;,&quot;ctype&quot;:&quot;string&quot;,&quot;title&quot;:&quot;&quot;,&quot;isSuccess&quot;:&quot;&quot;,&quot;isFail&quot;:&quot;&quot;}--&gt;&#13;
								&lt;rec:Number/&gt;&#13;
								&lt;!--Optional:|erp_web={&quot;minOccurs&quot;:&quot;0&quot;,&quot;maxOccurs&quot;:&quot;1&quot;,&quot;ctype&quot;:&quot;string&quot;,&quot;title&quot;:&quot;&quot;,&quot;isSuccess&quot;:&quot;&quot;,&quot;isFail&quot;:&quot;&quot;}--&gt;&#13;
								&lt;rec:Name/&gt;&#13;
								&lt;!--Optional:|erp_web={&quot;minOccurs&quot;:&quot;0&quot;,&quot;maxOccurs&quot;:&quot;1&quot;,&quot;ctype&quot;:&quot;string&quot;,&quot;title&quot;:&quot;&quot;,&quot;isSuccess&quot;:&quot;&quot;,&quot;isFail&quot;:&quot;&quot;}--&gt;&#13;
								&lt;rec:UUID/&gt;&#13;
							&lt;/rec:Currency&gt;&#13;
							&lt;!--Optional:|erp_web={&quot;minOccurs&quot;:&quot;1&quot;,&quot;maxOccurs&quot;:&quot;1&quot;,&quot;ctype&quot;:&quot;double&quot;,&quot;title&quot;:&quot;&quot;,&quot;isSuccess&quot;:&quot;&quot;,&quot;isFail&quot;:&quot;&quot;}--&gt;&#13;
							&lt;rec:ExchangeRate/&gt;&#13;
							&lt;!--Optional:|erp_web={&quot;minOccurs&quot;:&quot;1&quot;,&quot;maxOccurs&quot;:&quot;1&quot;,&quot;ctype&quot;:&quot;double&quot;,&quot;title&quot;:&quot;&quot;,&quot;isSuccess&quot;:&quot;&quot;,&quot;isFail&quot;:&quot;&quot;}--&gt;&#13;
							&lt;rec:SettleAmount/&gt;&#13;
							&lt;!--Optional:|erp_web={&quot;minOccurs&quot;:&quot;1&quot;,&quot;maxOccurs&quot;:&quot;1&quot;,&quot;ctype&quot;:&quot;double&quot;,&quot;title&quot;:&quot;&quot;,&quot;isSuccess&quot;:&quot;&quot;,&quot;isFail&quot;:&quot;&quot;}--&gt;&#13;
							&lt;rec:SettleAmountFor/&gt;&#13;
							&lt;!--Optional:|erp_web={&quot;minOccurs&quot;:&quot;1&quot;,&quot;maxOccurs&quot;:&quot;1&quot;,&quot;ctype&quot;:&quot;double&quot;,&quot;title&quot;:&quot;&quot;,&quot;isSuccess&quot;:&quot;&quot;,&quot;isFail&quot;:&quot;&quot;}--&gt;&#13;
							&lt;rec:DiscountAmount/&gt;&#13;
							&lt;!--Optional:|erp_web={&quot;minOccurs&quot;:&quot;1&quot;,&quot;maxOccurs&quot;:&quot;1&quot;,&quot;ctype&quot;:&quot;double&quot;,&quot;title&quot;:&quot;&quot;,&quot;isSuccess&quot;:&quot;&quot;,&quot;isFail&quot;:&quot;&quot;}--&gt;&#13;
							&lt;rec:DiscountAmountFor/&gt;&#13;
							&lt;!--Optional:|erp_web={&quot;minOccurs&quot;:&quot;1&quot;,&quot;maxOccurs&quot;:&quot;1&quot;,&quot;ctype&quot;:&quot;double&quot;,&quot;title&quot;:&quot;&quot;,&quot;isSuccess&quot;:&quot;&quot;,&quot;isFail&quot;:&quot;&quot;}--&gt;&#13;
							&lt;rec:ReceiveAmount/&gt;&#13;
							&lt;!--Optional:|erp_web={&quot;minOccurs&quot;:&quot;1&quot;,&quot;maxOccurs&quot;:&quot;1&quot;,&quot;ctype&quot;:&quot;double&quot;,&quot;title&quot;:&quot;&quot;,&quot;isSuccess&quot;:&quot;&quot;,&quot;isFail&quot;:&quot;&quot;}--&gt;&#13;
							&lt;rec:ReceiveAmountFor/&gt;&#13;
							&lt;!--Optional:|erp_web={&quot;minOccurs&quot;:&quot;0&quot;, &quot;maxOccurs&quot;:&quot;1&quot;}--&gt;&#13;
							&lt;rec:Customer&gt;&#13;
								&lt;!--Optional:|erp_web={&quot;minOccurs&quot;:&quot;0&quot;,&quot;maxOccurs&quot;:&quot;1&quot;,&quot;ctype&quot;:&quot;string&quot;,&quot;title&quot;:&quot;&quot;,&quot;isSuccess&quot;:&quot;&quot;,&quot;isFail&quot;:&quot;&quot;}--&gt;&#13;
								&lt;rec:Number/&gt;&#13;
								&lt;!--Optional:|erp_web={&quot;minOccurs&quot;:&quot;0&quot;,&quot;maxOccurs&quot;:&quot;1&quot;,&quot;ctype&quot;:&quot;string&quot;,&quot;title&quot;:&quot;&quot;,&quot;isSuccess&quot;:&quot;&quot;,&quot;isFail&quot;:&quot;&quot;}--&gt;&#13;
								&lt;rec:Name/&gt;&#13;
								&lt;!--Optional:|erp_web={&quot;minOccurs&quot;:&quot;0&quot;,&quot;maxOccurs&quot;:&quot;1&quot;,&quot;ctype&quot;:&quot;string&quot;,&quot;title&quot;:&quot;&quot;,&quot;isSuccess&quot;:&quot;&quot;,&quot;isFail&quot;:&quot;&quot;}--&gt;&#13;
								&lt;rec:UUID/&gt;&#13;
							&lt;/rec:Customer&gt;&#13;
							&lt;!--Optional:|erp_web={&quot;minOccurs&quot;:&quot;0&quot;, &quot;maxOccurs&quot;:&quot;1&quot;}--&gt;&#13;
							&lt;rec:Department&gt;&#13;
								&lt;!--Optional:|erp_web={&quot;minOccurs&quot;:&quot;0&quot;,&quot;maxOccurs&quot;:&quot;1&quot;,&quot;ctype&quot;:&quot;string&quot;,&quot;title&quot;:&quot;&quot;,&quot;isSuccess&quot;:&quot;&quot;,&quot;isFail&quot;:&quot;&quot;}--&gt;&#13;
								&lt;rec:Number/&gt;&#13;
								&lt;!--Optional:|erp_web={&quot;minOccurs&quot;:&quot;0&quot;,&quot;maxOccurs&quot;:&quot;1&quot;,&quot;ctype&quot;:&quot;string&quot;,&quot;title&quot;:&quot;&quot;,&quot;isSuccess&quot;:&quot;&quot;,&quot;isFail&quot;:&quot;&quot;}--&gt;&#13;
								&lt;rec:Name/&gt;&#13;
								&lt;!--Optional:|erp_web={&quot;minOccurs&quot;:&quot;0&quot;,&quot;maxOccurs&quot;:&quot;1&quot;,&quot;ctype&quot;:&quot;string&quot;,&quot;title&quot;:&quot;&quot;,&quot;isSuccess&quot;:&quot;&quot;,&quot;isFail&quot;:&quot;&quot;}--&gt;&#13;
								&lt;rec:UUID/&gt;&#13;
							&lt;/rec:Department&gt;&#13;
							&lt;!--Optional:|erp_web={&quot;minOccurs&quot;:&quot;0&quot;, &quot;maxOccurs&quot;:&quot;1&quot;}--&gt;&#13;
							&lt;rec:Employee&gt;&#13;
								&lt;!--Optional:|erp_web={&quot;minOccurs&quot;:&quot;0&quot;,&quot;maxOccurs&quot;:&quot;1&quot;,&quot;ctype&quot;:&quot;string&quot;,&quot;title&quot;:&quot;&quot;,&quot;isSuccess&quot;:&quot;&quot;,&quot;isFail&quot;:&quot;&quot;}--&gt;&#13;
								&lt;rec:Number/&gt;&#13;
								&lt;!--Optional:|erp_web={&quot;minOccurs&quot;:&quot;0&quot;,&quot;maxOccurs&quot;:&quot;1&quot;,&quot;ctype&quot;:&quot;string&quot;,&quot;title&quot;:&quot;&quot;,&quot;isSuccess&quot;:&quot;&quot;,&quot;isFail&quot;:&quot;&quot;}--&gt;&#13;
								&lt;rec:Name/&gt;&#13;
								&lt;!--Optional:|erp_web={&quot;minOccurs&quot;:&quot;0&quot;,&quot;maxOccurs&quot;:&quot;1&quot;,&quot;ctype&quot;:&quot;string&quot;,&quot;title&quot;:&quot;&quot;,&quot;isSuccess&quot;:&quot;&quot;,&quot;isFail&quot;:&quot;&quot;}--&gt;&#13;
								&lt;rec:UUID/&gt;&#13;
							&lt;/rec:Employee&gt;&#13;
							&lt;!--Optional:|erp_web={&quot;minOccurs&quot;:&quot;0&quot;,&quot;maxOccurs&quot;:&quot;1&quot;,&quot;ctype&quot;:&quot;string&quot;,&quot;title&quot;:&quot;&quot;,&quot;isSuccess&quot;:&quot;&quot;,&quot;isFail&quot;:&quot;&quot;}--&gt;&#13;
							&lt;rec:Explanation/&gt;&#13;
							&lt;!--Optional:|erp_web={&quot;minOccurs&quot;:&quot;0&quot;, &quot;maxOccurs&quot;:&quot;1&quot;}--&gt;&#13;
							&lt;rec:SettleCy&gt;&#13;
								&lt;!--Optional:|erp_web={&quot;minOccurs&quot;:&quot;0&quot;,&quot;maxOccurs&quot;:&quot;1&quot;,&quot;ctype&quot;:&quot;string&quot;,&quot;title&quot;:&quot;&quot;,&quot;isSuccess&quot;:&quot;&quot;,&quot;isFail&quot;:&quot;&quot;}--&gt;&#13;
								&lt;rec:Number/&gt;&#13;
								&lt;!--Optional:|erp_web={&quot;minOccurs&quot;:&quot;0&quot;,&quot;maxOccurs&quot;:&quot;1&quot;,&quot;ctype&quot;:&quot;string&quot;,&quot;title&quot;:&quot;&quot;,&quot;isSuccess&quot;:&quot;&quot;,&quot;isFail&quot;:&quot;&quot;}--&gt;&#13;
								&lt;rec:Name/&gt;&#13;
								&lt;!--Optional:|erp_web={&quot;minOccurs&quot;:&quot;0&quot;,&quot;maxOccurs&quot;:&quot;1&quot;,&quot;ctype&quot;:&quot;string&quot;,&quot;title&quot;:&quot;&quot;,&quot;isSuccess&quot;:&quot;&quot;,&quot;isFail&quot;:&quot;&quot;}--&gt;&#13;
								&lt;rec:UUID/&gt;&#13;
							&lt;/rec:SettleCy&gt;&#13;
							&lt;!--Optional:|erp_web={&quot;minOccurs&quot;:&quot;0&quot;,&quot;maxOccurs&quot;:&quot;1&quot;,&quot;ctype&quot;:&quot;string&quot;,&quot;title&quot;:&quot;&quot;,&quot;isSuccess&quot;:&quot;&quot;,&quot;isFail&quot;:&quot;&quot;}--&gt;&#13;
							&lt;rec:MulCy/&gt;&#13;
							&lt;!--Optional:|erp_web={&quot;minOccurs&quot;:&quot;0&quot;,&quot;maxOccurs&quot;:&quot;1&quot;,&quot;ctype&quot;:&quot;string&quot;,&quot;title&quot;:&quot;&quot;,&quot;isSuccess&quot;:&quot;&quot;,&quot;isFail&quot;:&quot;&quot;}--&gt;&#13;
							&lt;rec:Preparer/&gt;&#13;
						&lt;/rec:ReceiveBill&gt;&#13;
					&lt;/rec:QueryReceiveBillResult&gt;&#13;
					&lt;!--Optional:|erp_web={&quot;minOccurs&quot;:&quot;0&quot;,&quot;maxOccurs&quot;:&quot;1&quot;,&quot;ctype&quot;:&quot;string&quot;,&quot;title&quot;:&quot;返回当前页的最大时间戳值，下一页查询，将此值直接传入&quot;,&quot;isSuccess&quot;:&quot;&quot;,&quot;isFail&quot;:&quot;&quot;}--&gt;&#13;
					&lt;rec:strTimeStamp/&gt;&#13;
					&lt;!--Optional:|erp_web={&quot;minOccurs&quot;:&quot;0&quot;,&quot;maxOccurs&quot;:&quot;1&quot;,&quot;ctype&quot;:&quot;string&quot;,&quot;title&quot;:&quot;返回所要返回记录的最大时间戳值&quot;,&quot;isSuccess&quot;:&quot;&quot;,&quot;isFail&quot;:&quot;&quot;}--&gt;&#13;
					&lt;rec:strMaxTimeStamp/&gt;&#13;
					&lt;!--Optional:|erp_web={&quot;minOccurs&quot;:&quot;0&quot;,&quot;maxOccurs&quot;:&quot;1&quot;,&quot;ctype&quot;:&quot;string&quot;,&quot;title&quot;:&quot;&quot;,&quot;isSuccess&quot;:&quot;&quot;,&quot;isFail&quot;:&quot;&quot;}--&gt;&#13;
					&lt;rec:strError/&gt;&#13;
				&lt;/rec:QueryReceiveBillResponse&gt;&#13;
			&lt;/soapenv:Body&gt;&#13;
		&lt;/soapenv:Envelope&gt;&lt;/Output&gt;&lt;Fault&gt;&lt;!--Optional:|erp_web={&quot;minOccurs&quot;:&quot;1&quot;, &quot;maxOccurs&quot;:&quot;1&quot;}--&gt;&#13;
		&lt;soapenv:Envelope xmlns:soapenv=&quot;http://schemas.xmlsoap.org/soap/envelope/&quot;&gt;&#13;
			&lt;!--Optional:|erp_web={&quot;minOccurs&quot;:&quot;0&quot;,&quot;maxOccurs&quot;:&quot;1&quot;,&quot;title&quot;:&quot;&quot;}--&gt;&#13;
			&lt;soapenv:Header&gt;&#13;
				&lt;!--You may enter ANY elements at this point--&gt;&#13;
			&lt;/soapenv:Header&gt;&#13;
			&lt;!--Optional:|erp_web={&quot;minOccurs&quot;:&quot;1&quot;, &quot;maxOccurs&quot;:&quot;1&quot;}--&gt;&#13;
			&lt;soapenv:Body&gt;&#13;
				&lt;!--You may enter ANY elements at this point--&gt;&#13;
				&lt;soapenv:Fault&gt;&#13;
					&lt;!--Optional:|erp_web={&quot;minOccurs&quot;:&quot;1&quot;,&quot;maxOccurs&quot;:&quot;1&quot;,&quot;ctype&quot;:&quot;QName&quot;,&quot;title&quot;:&quot;&quot;}--&gt;&#13;
					&lt;faultcode/&gt;&#13;
					&lt;!--Optional:|erp_web={&quot;minOccurs&quot;:&quot;1&quot;,&quot;maxOccurs&quot;:&quot;1&quot;,&quot;title&quot;:&quot;&quot;}--&gt;&#13;
					&lt;faultstring xml:lang=&quot;&quot;/&gt;&#13;
					&lt;!--Optional:|erp_web={&quot;minOccurs&quot;:&quot;0&quot;,&quot;maxOccurs&quot;:&quot;1&quot;,&quot;ctype&quot;:&quot;anyURI&quot;,&quot;title&quot;:&quot;&quot;}--&gt;&#13;
					&lt;faultactor/&gt;&#13;
					&lt;!--Optional:|erp_web={&quot;minOccurs&quot;:&quot;0&quot;,&quot;maxOccurs&quot;:&quot;1&quot;,&quot;title&quot;:&quot;&quot;}--&gt;&#13;
					&lt;detail&gt;&#13;
						&lt;!--You may enter ANY elements at this point--&gt;&#13;
					&lt;/detail&gt;&#13;
				&lt;/soapenv:Fault&gt;&#13;
			&lt;/soapenv:Body&gt;&#13;
		&lt;/soapenv:Envelope&gt;&lt;/Fault&gt;&lt;/web&gt;&#13;
</string> 
  </void> 
  <void method="put"> 
   <string>wsSoapVersion</string> 
   <string>SOAP 1.1</string> 
  </void> 
  <void method="put"> 
   <string>docMainVersion</string> 
   <long>1</long> 
  </void> 
  <void method="put"> 
   <string>docStatus</string> 
   <string>30</string> 
  </void> 
  <void method="put"> 
   <string>docCreator</string> 
   <object class="java.util.HashMap"> 
    <void method="put"> 
     <string>fdId</string> 
     <string>1183b0b84ee4f581bba001c47a78b2d9</string> 
    </void> 
    <void method="put"> 
     <string>class</string> 
     <string>com.landray.kmss.sys.organization.model.SysOrgPerson</string> 
    </void> 
   </object> 
  </void> 
  <void method="put"> 
   <string>docAuxiVersion</string> 
   <long>0</long> 
  </void> 
  <void method="put"> 
   <string>class</string> 
   <string>com.landray.kmss.tib.sys.soap.connector.model.TibSysSoapMain</string> 
  </void> 
  <void method="put"> 
   <string>fdType</string> 
   <string>3</string> 
  </void> 
  <void method="put"> 
   <string>wsEnable</string> 
   <boolean>true</boolean> 
  </void> 
  <void method="put"> 
   <string>tibSysSoapSetting</string> 
   <object class="java.util.HashMap"> 
    <void method="put"> 
     <string>fdId</string> 
     <string>13f9980b78689368f4b69404f84a7a1d</string> 
    </void> 
    <void method="put"> 
     <string>class</string> 
     <string>com.landray.kmss.tib.sys.soap.connector.model.TibSysSoapSetting</string> 
    </void> 
   </object> 
  </void> 
  <void method="put"> 
   <string>docCategory</string> 
   <object class="java.util.HashMap"> 
    <void method="put"> 
     <string>fdId</string> 
     <string>13f84cef9af3d82146319cc44d0b7bce</string> 
    </void> 
    <void method="put"> 
     <string>class</string> 
     <string>com.landray.kmss.tib.sys.soap.connector.model.TibSysSoapCategory</string> 
    </void> 
   </object> 
  </void> 
  <void method="put"> 
   <string>docIsLocked</string> 
   <boolean>false</boolean> 
  </void> 
  <void method="put"> 
   <string>docIsNewVersion</string> 
   <boolean>true</boolean> 
  </void> 
  <void method="put"> 
   <string>fdId</string> 
   <string>13f9980c467e30ed6818d2a4fa98057a</string> 
  </void> 
  <void method="put"> 
   <string>wsBindFuncInfo</string> 
   <string>返回满足条件的收款单信息</string> 
  </void> 
  <void method="put"> 
   <string>docAlterTime</string> 
   <object class="java.util.Date"> 
    <long>1372670041000</long> 
   </object> 
  </void> 
 </object> 
</java> 
