<?xml version="1.0" encoding="UTF-8"?> 
<java version="1.6.0_33" class="java.beans.XMLDecoder"> 
 <object class="java.util.HashMap"> 
  <void method="put"> 
   <string>wsMarks</string> 
   <string></string> 
  </void> 
  <void method="put"> 
   <string>docSubject</string> 
   <string>新增/更新凭证</string> 
  </void> 
  <void method="put"> 
   <string>docCreateTime</string> 
   <object class="java.util.Date"> 
    <long>1372669040000</long> 
   </object> 
  </void> 
  <void method="put"> 
   <string>wsBindFunc</string> 
   <string>UpdateVoucher</string> 
  </void> 
  <void method="put"> 
   <string>wsMapperTemplate</string> 
   <string>&lt;?xml version=&quot;1.0&quot;?&gt;&#13;
&lt;web ID=&quot;13f9961794bf2e36ae299db483d8703b&quot;&gt;&lt;Input&gt;&lt;soap:Envelope xmlns:soap=&quot;http://www.w3.org/2003/05/soap-envelope&quot; xmlns:vouc=&quot;http://www.kingdee.com/Voucher&quot;&gt;&#13;
			&lt;!--{&quot;title&quot;:&quot;&quot;}--&gt;&lt;soap:Header/&gt;&#13;
			&lt;soap:Body&gt;&#13;
				&lt;vouc:UpdateVoucher&gt;&#13;
					&lt;!--Optional:|erp_web={&quot;minOccurs&quot;:&quot;1&quot;,&quot;maxOccurs&quot;:&quot;1&quot;,&quot;ctype&quot;:&quot;int&quot;,&quot;title&quot;:&quot;账套ID&quot;}--&gt;&#13;
					&lt;vouc:iAisID/&gt;&#13;
					&lt;!--Optional:|erp_web={&quot;minOccurs&quot;:&quot;0&quot;,&quot;maxOccurs&quot;:&quot;1&quot;,&quot;ctype&quot;:&quot;string&quot;,&quot;title&quot;:&quot;用户名&quot;}--&gt;&#13;
					&lt;vouc:strUser/&gt;&#13;
					&lt;!--Optional:|erp_web={&quot;minOccurs&quot;:&quot;0&quot;,&quot;maxOccurs&quot;:&quot;1&quot;,&quot;ctype&quot;:&quot;string&quot;,&quot;title&quot;:&quot;密码&quot;}--&gt;&#13;
					&lt;vouc:strPassword/&gt;&#13;
					&lt;!--Optional:|erp_web={&quot;minOccurs&quot;:&quot;0&quot;, &quot;maxOccurs&quot;:&quot;1&quot;}--&gt;&#13;
					&lt;vouc:Data&gt;&#13;
						&lt;!--Zero or more repetitions:|erp_web={&quot;minOccurs&quot;:&quot;0&quot;, &quot;maxOccurs&quot;:&quot;2147483647&quot;}--&gt;&#13;
						&lt;vouc:Voucher&gt;&#13;
							&lt;!--Optional:|erp_web={&quot;minOccurs&quot;:&quot;0&quot;,&quot;maxOccurs&quot;:&quot;1&quot;,&quot;ctype&quot;:&quot;integer&quot;,&quot;title&quot;:&quot;&quot;}--&gt;&#13;
							&lt;vouc:Number/&gt;&#13;
							&lt;!--Optional:|erp_web={&quot;minOccurs&quot;:&quot;0&quot;,&quot;maxOccurs&quot;:&quot;1&quot;,&quot;ctype&quot;:&quot;integer&quot;,&quot;title&quot;:&quot;&quot;}--&gt;&#13;
							&lt;vouc:Year/&gt;&#13;
							&lt;!--Optional:|erp_web={&quot;minOccurs&quot;:&quot;0&quot;,&quot;maxOccurs&quot;:&quot;1&quot;,&quot;ctype&quot;:&quot;integer&quot;,&quot;title&quot;:&quot;&quot;}--&gt;&#13;
							&lt;vouc:Period/&gt;&#13;
							&lt;!--Optional:|erp_web={&quot;minOccurs&quot;:&quot;1&quot;,&quot;maxOccurs&quot;:&quot;1&quot;,&quot;ctype&quot;:&quot;dateTime&quot;,&quot;title&quot;:&quot;&quot;}--&gt;&#13;
							&lt;vouc:Date/&gt;&#13;
							&lt;!--Optional:|erp_web={&quot;minOccurs&quot;:&quot;1&quot;,&quot;maxOccurs&quot;:&quot;1&quot;,&quot;ctype&quot;:&quot;dateTime&quot;,&quot;title&quot;:&quot;&quot;}--&gt;&#13;
							&lt;vouc:TransDate/&gt;&#13;
							&lt;!--Optional:|erp_web={&quot;minOccurs&quot;:&quot;0&quot;, &quot;maxOccurs&quot;:&quot;1&quot;}--&gt;&#13;
							&lt;vouc:Group&gt;&#13;
								&lt;!--Optional:|erp_web={&quot;minOccurs&quot;:&quot;0&quot;,&quot;maxOccurs&quot;:&quot;1&quot;,&quot;ctype&quot;:&quot;string&quot;,&quot;title&quot;:&quot;&quot;}--&gt;&#13;
								&lt;vouc:Name/&gt;&#13;
								&lt;!--Optional:|erp_web={&quot;minOccurs&quot;:&quot;0&quot;,&quot;maxOccurs&quot;:&quot;1&quot;,&quot;ctype&quot;:&quot;string&quot;,&quot;title&quot;:&quot;&quot;}--&gt;&#13;
								&lt;vouc:UUID/&gt;&#13;
							&lt;/vouc:Group&gt;&#13;
							&lt;!--Optional:|erp_web={&quot;minOccurs&quot;:&quot;0&quot;,&quot;maxOccurs&quot;:&quot;1&quot;,&quot;ctype&quot;:&quot;integer&quot;,&quot;title&quot;:&quot;&quot;}--&gt;&#13;
							&lt;vouc:SerialNum/&gt;&#13;
							&lt;!--Optional:|erp_web={&quot;minOccurs&quot;:&quot;0&quot;,&quot;maxOccurs&quot;:&quot;1&quot;,&quot;ctype&quot;:&quot;string&quot;,&quot;title&quot;:&quot;&quot;}--&gt;&#13;
							&lt;vouc:Reference/&gt;&#13;
							&lt;!--Optional:|erp_web={&quot;minOccurs&quot;:&quot;0&quot;,&quot;maxOccurs&quot;:&quot;1&quot;,&quot;ctype&quot;:&quot;integer&quot;,&quot;title&quot;:&quot;&quot;}--&gt;&#13;
							&lt;vouc:Attachments/&gt;&#13;
							&lt;!--Optional:|erp_web={&quot;minOccurs&quot;:&quot;0&quot;,&quot;maxOccurs&quot;:&quot;1&quot;,&quot;ctype&quot;:&quot;integer&quot;,&quot;title&quot;:&quot;&quot;}--&gt;&#13;
							&lt;vouc:EntryCount/&gt;&#13;
							&lt;!--Optional:|erp_web={&quot;minOccurs&quot;:&quot;1&quot;,&quot;maxOccurs&quot;:&quot;1&quot;,&quot;ctype&quot;:&quot;double&quot;,&quot;title&quot;:&quot;&quot;}--&gt;&#13;
							&lt;vouc:DebitTotal/&gt;&#13;
							&lt;!--Optional:|erp_web={&quot;minOccurs&quot;:&quot;1&quot;,&quot;maxOccurs&quot;:&quot;1&quot;,&quot;ctype&quot;:&quot;double&quot;,&quot;title&quot;:&quot;&quot;}--&gt;&#13;
							&lt;vouc:CreditTotal/&gt;&#13;
							&lt;!--Optional:|erp_web={&quot;minOccurs&quot;:&quot;1&quot;,&quot;maxOccurs&quot;:&quot;1&quot;,&quot;ctype&quot;:&quot;boolean&quot;,&quot;title&quot;:&quot;&quot;}--&gt;&#13;
							&lt;vouc:Checked/&gt;&#13;
							&lt;!--Optional:|erp_web={&quot;minOccurs&quot;:&quot;1&quot;,&quot;maxOccurs&quot;:&quot;1&quot;,&quot;ctype&quot;:&quot;boolean&quot;,&quot;title&quot;:&quot;&quot;}--&gt;&#13;
							&lt;vouc:Posted/&gt;&#13;
							&lt;!--Optional:|erp_web={&quot;minOccurs&quot;:&quot;0&quot;, &quot;maxOccurs&quot;:&quot;1&quot;}--&gt;&#13;
							&lt;vouc:Preparer&gt;&#13;
								&lt;!--Optional:|erp_web={&quot;minOccurs&quot;:&quot;0&quot;,&quot;maxOccurs&quot;:&quot;1&quot;,&quot;ctype&quot;:&quot;string&quot;,&quot;title&quot;:&quot;&quot;}--&gt;&#13;
								&lt;vouc:Number/&gt;&#13;
								&lt;!--Optional:|erp_web={&quot;minOccurs&quot;:&quot;0&quot;,&quot;maxOccurs&quot;:&quot;1&quot;,&quot;ctype&quot;:&quot;string&quot;,&quot;title&quot;:&quot;&quot;}--&gt;&#13;
								&lt;vouc:Name/&gt;&#13;
								&lt;!--Optional:|erp_web={&quot;minOccurs&quot;:&quot;0&quot;,&quot;maxOccurs&quot;:&quot;1&quot;,&quot;ctype&quot;:&quot;string&quot;,&quot;title&quot;:&quot;&quot;}--&gt;&#13;
								&lt;vouc:UUID/&gt;&#13;
							&lt;/vouc:Preparer&gt;&#13;
							&lt;!--Optional:|erp_web={&quot;minOccurs&quot;:&quot;0&quot;, &quot;maxOccurs&quot;:&quot;1&quot;}--&gt;&#13;
							&lt;vouc:Checker&gt;&#13;
								&lt;!--Optional:|erp_web={&quot;minOccurs&quot;:&quot;0&quot;,&quot;maxOccurs&quot;:&quot;1&quot;,&quot;ctype&quot;:&quot;string&quot;,&quot;title&quot;:&quot;&quot;}--&gt;&#13;
								&lt;vouc:Number/&gt;&#13;
								&lt;!--Optional:|erp_web={&quot;minOccurs&quot;:&quot;0&quot;,&quot;maxOccurs&quot;:&quot;1&quot;,&quot;ctype&quot;:&quot;string&quot;,&quot;title&quot;:&quot;&quot;}--&gt;&#13;
								&lt;vouc:Name/&gt;&#13;
								&lt;!--Optional:|erp_web={&quot;minOccurs&quot;:&quot;0&quot;,&quot;maxOccurs&quot;:&quot;1&quot;,&quot;ctype&quot;:&quot;string&quot;,&quot;title&quot;:&quot;&quot;}--&gt;&#13;
								&lt;vouc:UUID/&gt;&#13;
							&lt;/vouc:Checker&gt;&#13;
							&lt;!--Optional:|erp_web={&quot;minOccurs&quot;:&quot;0&quot;, &quot;maxOccurs&quot;:&quot;1&quot;}--&gt;&#13;
							&lt;vouc:Poster&gt;&#13;
								&lt;!--Optional:|erp_web={&quot;minOccurs&quot;:&quot;0&quot;,&quot;maxOccurs&quot;:&quot;1&quot;,&quot;ctype&quot;:&quot;string&quot;,&quot;title&quot;:&quot;&quot;}--&gt;&#13;
								&lt;vouc:Number/&gt;&#13;
								&lt;!--Optional:|erp_web={&quot;minOccurs&quot;:&quot;0&quot;,&quot;maxOccurs&quot;:&quot;1&quot;,&quot;ctype&quot;:&quot;string&quot;,&quot;title&quot;:&quot;&quot;}--&gt;&#13;
								&lt;vouc:Name/&gt;&#13;
								&lt;!--Optional:|erp_web={&quot;minOccurs&quot;:&quot;0&quot;,&quot;maxOccurs&quot;:&quot;1&quot;,&quot;ctype&quot;:&quot;string&quot;,&quot;title&quot;:&quot;&quot;}--&gt;&#13;
								&lt;vouc:UUID/&gt;&#13;
							&lt;/vouc:Poster&gt;&#13;
							&lt;!--Optional:|erp_web={&quot;minOccurs&quot;:&quot;0&quot;, &quot;maxOccurs&quot;:&quot;1&quot;}--&gt;&#13;
							&lt;vouc:Cashier&gt;&#13;
								&lt;!--Optional:|erp_web={&quot;minOccurs&quot;:&quot;0&quot;,&quot;maxOccurs&quot;:&quot;1&quot;,&quot;ctype&quot;:&quot;string&quot;,&quot;title&quot;:&quot;&quot;}--&gt;&#13;
								&lt;vouc:Number/&gt;&#13;
								&lt;!--Optional:|erp_web={&quot;minOccurs&quot;:&quot;0&quot;,&quot;maxOccurs&quot;:&quot;1&quot;,&quot;ctype&quot;:&quot;string&quot;,&quot;title&quot;:&quot;&quot;}--&gt;&#13;
								&lt;vouc:Name/&gt;&#13;
								&lt;!--Optional:|erp_web={&quot;minOccurs&quot;:&quot;0&quot;,&quot;maxOccurs&quot;:&quot;1&quot;,&quot;ctype&quot;:&quot;string&quot;,&quot;title&quot;:&quot;&quot;}--&gt;&#13;
								&lt;vouc:UUID/&gt;&#13;
							&lt;/vouc:Cashier&gt;&#13;
							&lt;!--Optional:|erp_web={&quot;minOccurs&quot;:&quot;0&quot;,&quot;maxOccurs&quot;:&quot;1&quot;,&quot;ctype&quot;:&quot;string&quot;,&quot;title&quot;:&quot;&quot;}--&gt;&#13;
							&lt;vouc:Handler/&gt;&#13;
							&lt;!--Zero or more repetitions:|erp_web={&quot;minOccurs&quot;:&quot;0&quot;, &quot;maxOccurs&quot;:&quot;2147483647&quot;}--&gt;&#13;
							&lt;vouc:VoucherEntry&gt;&#13;
								&lt;!--Optional:|erp_web={&quot;minOccurs&quot;:&quot;0&quot;,&quot;maxOccurs&quot;:&quot;1&quot;,&quot;ctype&quot;:&quot;string&quot;,&quot;title&quot;:&quot;&quot;}--&gt;&#13;
								&lt;vouc:Explanation/&gt;&#13;
								&lt;!--Optional:|erp_web={&quot;minOccurs&quot;:&quot;0&quot;, &quot;maxOccurs&quot;:&quot;1&quot;}--&gt;&#13;
								&lt;vouc:Account&gt;&#13;
									&lt;!--Optional:|erp_web={&quot;minOccurs&quot;:&quot;0&quot;,&quot;maxOccurs&quot;:&quot;1&quot;,&quot;ctype&quot;:&quot;string&quot;,&quot;title&quot;:&quot;&quot;}--&gt;&#13;
									&lt;vouc:Number/&gt;&#13;
									&lt;!--Optional:|erp_web={&quot;minOccurs&quot;:&quot;0&quot;,&quot;maxOccurs&quot;:&quot;1&quot;,&quot;ctype&quot;:&quot;string&quot;,&quot;title&quot;:&quot;&quot;}--&gt;&#13;
									&lt;vouc:Name/&gt;&#13;
									&lt;!--Optional:|erp_web={&quot;minOccurs&quot;:&quot;0&quot;,&quot;maxOccurs&quot;:&quot;1&quot;,&quot;ctype&quot;:&quot;string&quot;,&quot;title&quot;:&quot;&quot;}--&gt;&#13;
									&lt;vouc:UUID/&gt;&#13;
								&lt;/vouc:Account&gt;&#13;
								&lt;!--Optional:|erp_web={&quot;minOccurs&quot;:&quot;0&quot;, &quot;maxOccurs&quot;:&quot;1&quot;}--&gt;&#13;
								&lt;vouc:Detail&gt;&#13;
									&lt;!--Optional:|erp_web={&quot;minOccurs&quot;:&quot;0&quot;,&quot;maxOccurs&quot;:&quot;1&quot;,&quot;ctype&quot;:&quot;string&quot;,&quot;title&quot;:&quot;&quot;}--&gt;&#13;
									&lt;vouc:Number/&gt;&#13;
									&lt;!--Optional:|erp_web={&quot;minOccurs&quot;:&quot;0&quot;,&quot;maxOccurs&quot;:&quot;1&quot;,&quot;ctype&quot;:&quot;string&quot;,&quot;title&quot;:&quot;&quot;}--&gt;&#13;
									&lt;vouc:Name/&gt;&#13;
									&lt;!--Optional:|erp_web={&quot;minOccurs&quot;:&quot;0&quot;,&quot;maxOccurs&quot;:&quot;1&quot;,&quot;ctype&quot;:&quot;string&quot;,&quot;title&quot;:&quot;&quot;}--&gt;&#13;
									&lt;vouc:UUID/&gt;&#13;
								&lt;/vouc:Detail&gt;&#13;
								&lt;!--Optional:|erp_web={&quot;minOccurs&quot;:&quot;0&quot;, &quot;maxOccurs&quot;:&quot;1&quot;}--&gt;&#13;
								&lt;vouc:Currency&gt;&#13;
									&lt;!--Optional:|erp_web={&quot;minOccurs&quot;:&quot;0&quot;,&quot;maxOccurs&quot;:&quot;1&quot;,&quot;ctype&quot;:&quot;string&quot;,&quot;title&quot;:&quot;&quot;}--&gt;&#13;
									&lt;vouc:Number/&gt;&#13;
									&lt;!--Optional:|erp_web={&quot;minOccurs&quot;:&quot;0&quot;,&quot;maxOccurs&quot;:&quot;1&quot;,&quot;ctype&quot;:&quot;string&quot;,&quot;title&quot;:&quot;&quot;}--&gt;&#13;
									&lt;vouc:Name/&gt;&#13;
									&lt;!--Optional:|erp_web={&quot;minOccurs&quot;:&quot;0&quot;,&quot;maxOccurs&quot;:&quot;1&quot;,&quot;ctype&quot;:&quot;string&quot;,&quot;title&quot;:&quot;&quot;}--&gt;&#13;
									&lt;vouc:UUID/&gt;&#13;
								&lt;/vouc:Currency&gt;&#13;
								&lt;!--Optional:|erp_web={&quot;minOccurs&quot;:&quot;1&quot;,&quot;maxOccurs&quot;:&quot;1&quot;,&quot;ctype&quot;:&quot;double&quot;,&quot;title&quot;:&quot;&quot;}--&gt;&#13;
								&lt;vouc:ExchangeRate/&gt;&#13;
								&lt;!--Optional:|erp_web={&quot;minOccurs&quot;:&quot;0&quot;,&quot;maxOccurs&quot;:&quot;1&quot;,&quot;ctype&quot;:&quot;integer&quot;,&quot;title&quot;:&quot;&quot;}--&gt;&#13;
								&lt;vouc:DC/&gt;&#13;
								&lt;!--Optional:|erp_web={&quot;minOccurs&quot;:&quot;1&quot;,&quot;maxOccurs&quot;:&quot;1&quot;,&quot;ctype&quot;:&quot;double&quot;,&quot;title&quot;:&quot;&quot;}--&gt;&#13;
								&lt;vouc:AmountFor/&gt;&#13;
								&lt;!--Optional:|erp_web={&quot;minOccurs&quot;:&quot;1&quot;,&quot;maxOccurs&quot;:&quot;1&quot;,&quot;ctype&quot;:&quot;double&quot;,&quot;title&quot;:&quot;&quot;}--&gt;&#13;
								&lt;vouc:Amount/&gt;&#13;
								&lt;!--Optional:|erp_web={&quot;minOccurs&quot;:&quot;1&quot;,&quot;maxOccurs&quot;:&quot;1&quot;,&quot;ctype&quot;:&quot;double&quot;,&quot;title&quot;:&quot;&quot;}--&gt;&#13;
								&lt;vouc:Quantity/&gt;&#13;
								&lt;!--Optional:|erp_web={&quot;minOccurs&quot;:&quot;0&quot;, &quot;maxOccurs&quot;:&quot;1&quot;}--&gt;&#13;
								&lt;vouc:MeasureUnit&gt;&#13;
									&lt;!--Optional:|erp_web={&quot;minOccurs&quot;:&quot;0&quot;,&quot;maxOccurs&quot;:&quot;1&quot;,&quot;ctype&quot;:&quot;string&quot;,&quot;title&quot;:&quot;&quot;}--&gt;&#13;
									&lt;vouc:Number/&gt;&#13;
									&lt;!--Optional:|erp_web={&quot;minOccurs&quot;:&quot;0&quot;,&quot;maxOccurs&quot;:&quot;1&quot;,&quot;ctype&quot;:&quot;string&quot;,&quot;title&quot;:&quot;&quot;}--&gt;&#13;
									&lt;vouc:Name/&gt;&#13;
									&lt;!--Optional:|erp_web={&quot;minOccurs&quot;:&quot;0&quot;,&quot;maxOccurs&quot;:&quot;1&quot;,&quot;ctype&quot;:&quot;string&quot;,&quot;title&quot;:&quot;&quot;}--&gt;&#13;
									&lt;vouc:UUID/&gt;&#13;
								&lt;/vouc:MeasureUnit&gt;&#13;
								&lt;!--Optional:|erp_web={&quot;minOccurs&quot;:&quot;1&quot;,&quot;maxOccurs&quot;:&quot;1&quot;,&quot;ctype&quot;:&quot;double&quot;,&quot;title&quot;:&quot;&quot;}--&gt;&#13;
								&lt;vouc:UnitPrice/&gt;&#13;
								&lt;!--Optional:|erp_web={&quot;minOccurs&quot;:&quot;0&quot;, &quot;maxOccurs&quot;:&quot;1&quot;}--&gt;&#13;
								&lt;vouc:theOtherAccount&gt;&#13;
									&lt;!--Optional:|erp_web={&quot;minOccurs&quot;:&quot;0&quot;,&quot;maxOccurs&quot;:&quot;1&quot;,&quot;ctype&quot;:&quot;string&quot;,&quot;title&quot;:&quot;&quot;}--&gt;&#13;
									&lt;vouc:Number/&gt;&#13;
									&lt;!--Optional:|erp_web={&quot;minOccurs&quot;:&quot;0&quot;,&quot;maxOccurs&quot;:&quot;1&quot;,&quot;ctype&quot;:&quot;string&quot;,&quot;title&quot;:&quot;&quot;}--&gt;&#13;
									&lt;vouc:Name/&gt;&#13;
									&lt;!--Optional:|erp_web={&quot;minOccurs&quot;:&quot;0&quot;,&quot;maxOccurs&quot;:&quot;1&quot;,&quot;ctype&quot;:&quot;string&quot;,&quot;title&quot;:&quot;&quot;}--&gt;&#13;
									&lt;vouc:UUID/&gt;&#13;
								&lt;/vouc:theOtherAccount&gt;&#13;
								&lt;!--Optional:|erp_web={&quot;minOccurs&quot;:&quot;0&quot;, &quot;maxOccurs&quot;:&quot;1&quot;}--&gt;&#13;
								&lt;vouc:SettleType&gt;&#13;
									&lt;!--Optional:|erp_web={&quot;minOccurs&quot;:&quot;0&quot;,&quot;maxOccurs&quot;:&quot;1&quot;,&quot;ctype&quot;:&quot;string&quot;,&quot;title&quot;:&quot;&quot;}--&gt;&#13;
									&lt;vouc:Number/&gt;&#13;
									&lt;!--Optional:|erp_web={&quot;minOccurs&quot;:&quot;0&quot;,&quot;maxOccurs&quot;:&quot;1&quot;,&quot;ctype&quot;:&quot;string&quot;,&quot;title&quot;:&quot;&quot;}--&gt;&#13;
									&lt;vouc:Name/&gt;&#13;
									&lt;!--Optional:|erp_web={&quot;minOccurs&quot;:&quot;0&quot;,&quot;maxOccurs&quot;:&quot;1&quot;,&quot;ctype&quot;:&quot;string&quot;,&quot;title&quot;:&quot;&quot;}--&gt;&#13;
									&lt;vouc:UUID/&gt;&#13;
								&lt;/vouc:SettleType&gt;&#13;
								&lt;!--Optional:|erp_web={&quot;minOccurs&quot;:&quot;0&quot;,&quot;maxOccurs&quot;:&quot;1&quot;,&quot;ctype&quot;:&quot;string&quot;,&quot;title&quot;:&quot;&quot;}--&gt;&#13;
								&lt;vouc:SettleNo/&gt;&#13;
								&lt;!--Optional:|erp_web={&quot;minOccurs&quot;:&quot;0&quot;,&quot;maxOccurs&quot;:&quot;1&quot;,&quot;ctype&quot;:&quot;string&quot;,&quot;title&quot;:&quot;&quot;}--&gt;&#13;
								&lt;vouc:TransNo/&gt;&#13;
							&lt;/vouc:VoucherEntry&gt;&#13;
							&lt;!--Optional:|erp_web={&quot;minOccurs&quot;:&quot;0&quot;,&quot;maxOccurs&quot;:&quot;1&quot;,&quot;ctype&quot;:&quot;string&quot;,&quot;title&quot;:&quot;&quot;}--&gt;&#13;
							&lt;vouc:UUID/&gt;&#13;
						&lt;/vouc:Voucher&gt;&#13;
					&lt;/vouc:Data&gt;&#13;
					&lt;!--Optional:|erp_web={&quot;minOccurs&quot;:&quot;1&quot;,&quot;maxOccurs&quot;:&quot;1&quot;,&quot;ctype&quot;:&quot;boolean&quot;,&quot;title&quot;:&quot;是否检查UUID，true为检查，false为不检查&quot;}--&gt;&#13;
					&lt;vouc:bCheckByUUID/&gt;&#13;
					&lt;!--Optional:|erp_web={&quot;minOccurs&quot;:&quot;1&quot;,&quot;maxOccurs&quot;:&quot;1&quot;,&quot;ctype&quot;:&quot;boolean&quot;,&quot;title&quot;:&quot;是否只增加记录，true表示只增加不覆盖记录，false表示既增加又覆盖记录&quot;}--&gt;&#13;
					&lt;vouc:bAddNewOnly/&gt;&#13;
				&lt;/vouc:UpdateVoucher&gt;&#13;
			&lt;/soap:Body&gt;&#13;
		&lt;/soap:Envelope&gt;&lt;/Input&gt;&lt;Output&gt;&lt;soap:Envelope xmlns:soap=&quot;http://www.w3.org/2003/05/soap-envelope&quot; xmlns:vouc=&quot;http://www.kingdee.com/Voucher&quot;&gt;&#13;
			&lt;!--{&quot;title&quot;:&quot;&quot;,&quot;isSuccess&quot;:&quot;&quot;,&quot;isFail&quot;:&quot;&quot;}--&gt;&lt;soap:Header/&gt;&#13;
			&lt;soap:Body&gt;&#13;
				&lt;vouc:UpdateVoucherResponse&gt;&#13;
					&lt;!--Optional:|erp_web={&quot;minOccurs&quot;:&quot;1&quot;,&quot;maxOccurs&quot;:&quot;1&quot;,&quot;ctype&quot;:&quot;boolean&quot;,&quot;title&quot;:&quot;如果更新成功，返回为True，否则返回False&quot;,&quot;isSuccess&quot;:&quot;&quot;,&quot;isFail&quot;:&quot;&quot;}--&gt;&#13;
					&lt;vouc:UpdateVoucherResult/&gt;&#13;
					&lt;!--Optional:|erp_web={&quot;minOccurs&quot;:&quot;0&quot;,&quot;maxOccurs&quot;:&quot;1&quot;,&quot;ctype&quot;:&quot;string&quot;,&quot;title&quot;:&quot;&quot;,&quot;isSuccess&quot;:&quot;&quot;,&quot;isFail&quot;:&quot;&quot;}--&gt;&#13;
					&lt;vouc:strError/&gt;&#13;
				&lt;/vouc:UpdateVoucherResponse&gt;&#13;
			&lt;/soap:Body&gt;&#13;
		&lt;/soap:Envelope&gt;&lt;/Output&gt;&lt;Fault&gt;&lt;!--Optional:|erp_web={&quot;minOccurs&quot;:&quot;1&quot;, &quot;maxOccurs&quot;:&quot;1&quot;}--&gt;&#13;
		&lt;soap:Envelope xmlns:soap=&quot;http://www.w3.org/2003/05/soap-envelope&quot;&gt;&#13;
			&lt;!--Optional:|erp_web={&quot;minOccurs&quot;:&quot;0&quot;,&quot;maxOccurs&quot;:&quot;1&quot;,&quot;title&quot;:&quot;&quot;}--&gt;&#13;
			&lt;soap:Header&gt;&#13;
				&lt;!--You may enter ANY elements at this point--&gt;&#13;
			&lt;/soap:Header&gt;&#13;
			&lt;!--Optional:|erp_web={&quot;minOccurs&quot;:&quot;1&quot;, &quot;maxOccurs&quot;:&quot;1&quot;}--&gt;&#13;
			&lt;soap:Body&gt;&#13;
				&lt;!--You may enter ANY elements at this point--&gt;&#13;
				&lt;soap:Fault&gt;&#13;
					&lt;!--Optional:|erp_web={&quot;minOccurs&quot;:&quot;1&quot;, &quot;maxOccurs&quot;:&quot;1&quot;}--&gt;&#13;
					&lt;soap:Code&gt;&#13;
						&lt;!--Optional:|erp_web={&quot;minOccurs&quot;:&quot;1&quot;,&quot;maxOccurs&quot;:&quot;1&quot;,&quot;title&quot;:&quot;&quot;}--&gt;&#13;
						&lt;soap:Value/&gt;&#13;
						&lt;!--Optional:|erp_web={&quot;minOccurs&quot;:&quot;0&quot;, &quot;maxOccurs&quot;:&quot;1&quot;}--&gt;&#13;
						&lt;soap:Subcode&gt;&#13;
							&lt;!--Optional:|erp_web={&quot;minOccurs&quot;:&quot;1&quot;,&quot;maxOccurs&quot;:&quot;1&quot;,&quot;ctype&quot;:&quot;QName&quot;,&quot;title&quot;:&quot;&quot;}--&gt;&#13;
							&lt;soap:Value/&gt;&#13;
							&lt;!--Optional:|erp_web={&quot;minOccurs&quot;:&quot;0&quot;,&quot;maxOccurs&quot;:&quot;1&quot;,&quot;title&quot;:&quot;&quot;}--&gt;&#13;
							&lt;soap:Subcode/&gt;&#13;
						&lt;/soap:Subcode&gt;&#13;
					&lt;/soap:Code&gt;&#13;
					&lt;!--Optional:|erp_web={&quot;minOccurs&quot;:&quot;1&quot;, &quot;maxOccurs&quot;:&quot;1&quot;}--&gt;&#13;
					&lt;soap:Reason&gt;&#13;
						&lt;!--1 or more repetitions:|erp_web={&quot;minOccurs&quot;:&quot;1&quot;,&quot;maxOccurs&quot;:&quot;2147483647&quot;,&quot;title&quot;:&quot;&quot;}--&gt;&#13;
						&lt;soap:Text xml:lang=&quot;&quot;/&gt;&#13;
					&lt;/soap:Reason&gt;&#13;
					&lt;!--Optional:|erp_web={&quot;minOccurs&quot;:&quot;0&quot;,&quot;maxOccurs&quot;:&quot;1&quot;,&quot;ctype&quot;:&quot;anyURI&quot;,&quot;title&quot;:&quot;&quot;}--&gt;&#13;
					&lt;soap:Node/&gt;&#13;
					&lt;!--Optional:|erp_web={&quot;minOccurs&quot;:&quot;0&quot;,&quot;maxOccurs&quot;:&quot;1&quot;,&quot;ctype&quot;:&quot;anyURI&quot;,&quot;title&quot;:&quot;&quot;}--&gt;&#13;
					&lt;soap:Role/&gt;&#13;
					&lt;!--Optional:|erp_web={&quot;minOccurs&quot;:&quot;0&quot;,&quot;maxOccurs&quot;:&quot;1&quot;,&quot;title&quot;:&quot;&quot;}--&gt;&#13;
					&lt;soap:Detail&gt;&#13;
						&lt;!--You may enter ANY elements at this point--&gt;&#13;
					&lt;/soap:Detail&gt;&#13;
				&lt;/soap:Fault&gt;&#13;
			&lt;/soap:Body&gt;&#13;
		&lt;/soap:Envelope&gt;&lt;/Fault&gt;&lt;/web&gt;&#13;
</string> 
  </void> 
  <void method="put"> 
   <string>wsSoapVersion</string> 
   <string>SOAP 1.2</string> 
  </void> 
  <void method="put"> 
   <string>docMainVersion</string> 
   <long>1</long> 
  </void> 
  <void method="put"> 
   <string>docStatus</string> 
   <string>30</string> 
  </void> 
  <void method="put"> 
   <string>docCreator</string> 
   <object class="java.util.HashMap"> 
    <void method="put"> 
     <string>fdId</string> 
     <string>1183b0b84ee4f581bba001c47a78b2d9</string> 
    </void> 
    <void method="put"> 
     <string>class</string> 
     <string>com.landray.kmss.sys.organization.model.SysOrgPerson</string> 
    </void> 
   </object> 
  </void> 
  <void method="put"> 
   <string>docAuxiVersion</string> 
   <long>0</long> 
  </void> 
  <void method="put"> 
   <string>class</string> 
   <string>com.landray.kmss.tib.sys.soap.connector.model.TibSysSoapMain</string> 
  </void> 
  <void method="put"> 
   <string>fdType</string> 
   <string>3</string> 
  </void> 
  <void method="put"> 
   <string>wsEnable</string> 
   <boolean>true</boolean> 
  </void> 
  <void method="put"> 
   <string>tibSysSoapSetting</string> 
   <object class="java.util.HashMap"> 
    <void method="put"> 
     <string>fdId</string> 
     <string>13f99588acc7d8cca1594f04c6c9bf4b</string> 
    </void> 
    <void method="put"> 
     <string>class</string> 
     <string>com.landray.kmss.tib.sys.soap.connector.model.TibSysSoapSetting</string> 
    </void> 
   </object> 
  </void> 
  <void method="put"> 
   <string>docCategory</string> 
   <object class="java.util.HashMap"> 
    <void method="put"> 
     <string>fdId</string> 
     <string>13f84cef9af3d82146319cc44d0b7bce</string> 
    </void> 
    <void method="put"> 
     <string>class</string> 
     <string>com.landray.kmss.tib.sys.soap.connector.model.TibSysSoapCategory</string> 
    </void> 
   </object> 
  </void> 
  <void method="put"> 
   <string>docIsLocked</string> 
   <boolean>false</boolean> 
  </void> 
  <void method="put"> 
   <string>docIsNewVersion</string> 
   <boolean>true</boolean> 
  </void> 
  <void method="put"> 
   <string>fdId</string> 
   <string>13f9961794bf2e36ae299db483d8703b</string> 
  </void> 
  <void method="put"> 
   <string>wsBindFuncInfo</string> 
   <string>接受用户提交的数据，更新K/3的凭证信息</string> 
  </void> 
 </object> 
</java> 
